Date,Consumption
01/01/2016,276.291
02/01/2016,294.678
03/01/2016,306.3096
04/01/2016,370.0566
05/01/2016,367.3998
06/01/2016,373.1184
07/01/2016,371.6766
08/01/2016,368.874
09/01/2016,328.455
10/01/2016,322.9632
11/01/2016,386.1108
12/01/2016,386.5644
13/01/2016,399.8322
14/01/2016,411.561
15/01/2016,412.209
16/01/2016,363.609
17/01/2016,376.7796
18/01/2016,478.4508
19/01/2016,491.1516
20/01/2016,484.3638
21/01/2016,487.8468
22/01/2016,445.9698
23/01/2016,350.7786
24/01/2016,341.9334
25/01/2016,380.9592
26/01/2016,363.7062
27/01/2016,347.8464
28/01/2016,365.1156
29/01/2016,351.054
30/01/2016,311.7528
31/01/2016,310.1166
01/02/2016,342.387
02/02/2016,351.2808
03/02/2016,375.1596
04/02/2016,382.4982
05/02/2016,354.132
06/02/2016,299.7
07/02/2016,303.102
08/02/2016,344.8494
09/02/2016,359.6886
10/02/2016,385.9002
11/02/2016,383.1462
12/02/2016,374.6898
13/02/2016,327.0618
14/02/2016,326.1222
15/02/2016,396.495
16/02/2016,421.0542
17/02/2016,407.4138
18/02/2016,397.6938
19/02/2016,381.024
20/02/2016,316.791
21/02/2016,298.0638
22/02/2016,350.3574
23/02/2016,379.5174
24/02/2016,385.8678
25/02/2016,397.2402
26/02/2016,384.183
27/02/2016,335.5182
28/02/2016,335.7936
29/02/2016,398.1474
01/03/2016,388.7352
02/03/2016,377.9298
03/03/2016,384.3126
04/03/2016,370.6074
05/03/2016,327.321
06/03/2016,329.913
07/03/2016,402.0678
08/03/2016,411.3504
09/03/2016,388.4436
10/03/2016,381.429
11/03/2016,369.4248
12/03/2016,325.2798
13/03/2016,325.7334
14/03/2016,377.7354
15/03/2016,386.1108
16/03/2016,383.5512
17/03/2016,372.4866
18/03/2016,363.5604
19/03/2016,322.623
20/03/2016,317.0826
21/03/2016,365.9094
22/03/2016,363.9006
23/03/2016,363.3822
24/03/2016,346.5342
25/03/2016,299.1654
26/03/2016,262.44
27/03/2016,267.462
28/03/2016,284.0022
29/03/2016,335.3562
30/03/2016,337.8996
31/03/2016,338.1264
01/04/2016,329.265
02/04/2016,268.4988
03/04/2016,253.9188
04/04/2016,295.731
05/04/2016,304.2846
06/04/2016,308.9178
07/04/2016,319.0752
08/04/2016,321.1002
09/04/2016,272.6622
10/04/2016,266.0202
11/04/2016,306.6336
12/04/2016,320.031
13/04/2016,327.5478
14/04/2016,318.3138
15/04/2016,303.6366
16/04/2016,262.0998
17/04/2016,274.266
18/04/2016,323.7084
19/04/2016,320.3064
20/04/2016,319.545
21/04/2016,310.5216
22/04/2016,302.2434
23/04/2016,274.8168
24/04/2016,289.3158
25/04/2016,348.1056
26/04/2016,358.2306
27/04/2016,358.0038
28/04/2016,350.0982
29/04/2016,322.1856
30/04/2016,267.4458
01/05/2016,261.306
02/05/2016,304.8678
03/05/2016,312.0768
04/05/2016,303.7824
05/05/2016,250.3872
06/05/2016,250.1604
07/05/2016,223.7868
08/05/2016,224.8074
09/05/2016,262.1808
10/05/2016,271.0098
11/05/2016,268.4178
12/05/2016,273.2292
13/05/2016,267.9804
14/05/2016,237.5244
15/05/2016,232.2918
16/05/2016,249.7716
17/05/2016,292.2318
18/05/2016,286.092
19/05/2016,295.5204
20/05/2016,278.154
21/05/2016,231.8868
22/05/2016,232.2432
23/05/2016,299.3436
24/05/2016,306.4716
25/05/2016,297.0756
26/05/2016,247.6818
27/05/2016,250.4358
28/05/2016,222.426
29/05/2016,223.6248
30/05/2016,268.191
31/05/2016,274.2336
01/06/2016,278.9964
02/06/2016,272.1762
03/06/2016,263.7036
04/06/2016,224.7912
05/06/2016,224.4834
06/06/2016,261.5004
07/06/2016,260.1558
08/06/2016,264.9186
09/06/2016,270.1674
10/06/2016,259.4106
11/06/2016,227.0592
12/06/2016,231.0444
13/06/2016,274.9788
14/06/2016,278.883
15/06/2016,283.7916
16/06/2016,284.553
17/06/2016,274.6224
18/06/2016,238.1076
19/06/2016,240.7158
20/06/2016,273.0834
21/06/2016,281.3454
22/06/2016,278.2512
23/06/2016,265.8744
24/06/2016,258.5682
25/06/2016,225.7632
26/06/2016,229.0032
27/06/2016,271.2852
28/06/2016,275.724
29/06/2016,274.0716
30/06/2016,276.3882
01/07/2016,260.6904
02/07/2016,234.2682
03/07/2016,237.1356
04/07/2016,272.0952
05/07/2016,271.6578
06/07/2016,271.593
07/07/2016,270.4266
08/07/2016,259.6698
09/07/2016,225.2772
10/07/2016,222.0696
11/07/2016,270.5724
12/07/2016,280.3086
13/07/2016,283.824
14/07/2016,275.2056
15/07/2016,268.8552
16/07/2016,231.2388
17/07/2016,230.1696
18/07/2016,273.8124
19/07/2016,271.9332
20/07/2016,271.7874
21/07/2016,278.2512
22/07/2016,259.9128
23/07/2016,222.1506
24/07/2016,219.0078
25/07/2016,265.4856
26/07/2016,270.0864
27/07/2016,271.35
28/07/2016,268.3368
29/07/2016,250.452
30/07/2016,215.3142
31/07/2016,214.3422
01/08/2016,246.4506
02/08/2016,256.365
03/08/2016,249.4314
04/08/2016,257.0292
05/08/2016,248.9616
06/08/2016,213.0948
07/08/2016,207.0198
08/08/2016,240.4242
09/08/2016,254.7774
10/08/2016,261.4518
11/08/2016,261.0306
12/08/2016,249.5124
13/08/2016,214.9254
14/08/2016,215.0226
15/08/2016,238.788
16/08/2016,262.3752
17/08/2016,270.945
18/08/2016,275.7078
19/08/2016,265.356
20/08/2016,223.0578
21/08/2016,223.9326
22/08/2016,283.8888
23/08/2016,295.2126
24/08/2016,295.5366
25/08/2016,289.9152
26/08/2016,275.481
27/08/2016,226.8486
28/08/2016,223.6086
29/08/2016,287.7282
30/08/2016,298.242
31/08/2016,294.8076
01/09/2016,293.5926
02/09/2016,280.1142
03/09/2016,234.09
04/09/2016,233.3772
05/09/2016,298.2906
06/09/2016,306.5202
07/09/2016,304.3656
08/09/2016,294.3054
09/09/2016,294.4188
10/09/2016,248.9616
11/09/2016,244.458
12/09/2016,298.728
13/09/2016,295.4556
14/09/2016,302.0814
15/09/2016,303.1668
16/09/2016,294.111
17/09/2016,247.7304
18/09/2016,253.7082
19/09/2016,315.6732
20/09/2016,319.0914
21/09/2016,312.7734
22/09/2016,310.5216
23/09/2016,292.7016
24/09/2016,252.3474
25/09/2016,248.6214
26/09/2016,307.9944
27/09/2016,310.4082
28/09/2016,288.0684
29/09/2016,285.2334
30/09/2016,294.921
01/10/2016,267.1218
02/10/2016,261.2412
03/10/2016,276.8904
04/10/2016,313.8426
05/10/2016,329.1678
06/10/2016,344.088
07/10/2016,340.0218
08/10/2016,298.4364
09/10/2016,303.6852
10/10/2016,358.344
11/10/2016,360.1422
12/10/2016,365.5368
13/10/2016,354.6828
14/10/2016,336.8466
15/10/2016,301.401
16/10/2016,297.918
17/10/2016,354.2454
18/10/2016,355.023
19/10/2016,368.2908
20/10/2016,373.2156
21/10/2016,363.5766
22/10/2016,317.7144
23/10/2016,315.171
24/10/2016,362.8476
25/10/2016,374.2524
26/10/2016,370.5102
27/10/2016,354.2778
28/10/2016,341.7714
29/10/2016,318.3624
30/10/2016,306.828
31/10/2016,344.7198
01/11/2016,333.0234
02/11/2016,378.2376
03/11/2016,396.009
04/11/2016,378.7236
05/11/2016,330.0426
06/11/2016,342.144
07/11/2016,419.499
08/11/2016,433.3662
09/11/2016,430.0128
10/11/2016,424.278
11/11/2016,415.3356
12/11/2016,374.463
13/11/2016,379.3554
14/11/2016,427.3074
15/11/2016,408.5316
16/11/2016,383.9724
17/11/2016,367.0758
18/11/2016,371.7414
19/11/2016,341.1234
20/11/2016,323.2386
21/11/2016,365.2776
22/11/2016,381.348
23/11/2016,386.937
24/11/2016,394.47
25/11/2016,398.0178
26/11/2016,357.4044
27/11/2016,358.2144
28/11/2016,443.0862
29/11/2016,454.1832
30/11/2016,430.0452
01/12/2016,410.7186
02/12/2016,421.1838
03/12/2016,398.3904
04/12/2016,400.464
05/12/2016,465.264
06/12/2016,467.9532
07/12/2016,448.173
08/12/2016,416.5182
09/12/2016,401.3388
10/12/2016,347.2794
11/12/2016,342.8244
12/12/2016,410.2974
13/12/2016,422.8524
14/12/2016,419.58
15/12/2016,422.3178
16/12/2016,423.5814
17/12/2016,379.3878
18/12/2016,372.0654
19/12/2016,420.5034
20/12/2016,428.7168
21/12/2016,415.1088
22/12/2016,399.5892
23/12/2016,354.3102
24/12/2016,279.6282
25/12/2016,264.6756
26/12/2016,283.7916
27/12/2016,329.5728
28/12/2016,352.5606
29/12/2016,365.2614
30/12/2016,364.7754
31/12/2016,337.9482
01/01/2017,339.5196
02/01/2017,405.7614
03/01/2017,407.3976
04/01/2017,419.0454
05/01/2017,457.164
06/01/2017,462.7692
07/01/2017,417.15
08/01/2017,402.2622
09/01/2017,453.8754
10/01/2017,450.2466
11/01/2017,421.0704
12/01/2017,413.667
13/01/2017,415.368
14/01/2017,376.5042
15/01/2017,393.1254
16/01/2017,477.981
17/01/2017,489.078
18/01/2017,488.5596
19/01/2017,487.0368
20/01/2017,468.1314
21/01/2017,419.9364
22/01/2017,424.2456
23/01/2017,491.8482
24/01/2017,494.019
25/01/2017,489.969
26/01/2017,465.7824
27/01/2017,446.4558
28/01/2017,391.1814
29/01/2017,380.1006
30/01/2017,423.63
31/01/2017,438.7122
01/02/2017,424.7316
02/02/2017,393.9516
03/02/2017,386.4348
04/02/2017,343.2942
05/02/2017,351.5076
06/02/2017,424.7316
07/02/2017,428.976
08/02/2017,446.31
09/02/2017,452.8224
10/02/2017,437.6916
11/02/2017,375.4188
12/02/2017,376.0344
13/02/2017,423.3708
14/02/2017,422.0262
15/02/2017,407.4624
16/02/2017,389.0268
17/02/2017,393.7734
18/02/2017,349.8228
19/02/2017,338.4504
20/02/2017,365.796
21/02/2017,358.9596
22/02/2017,352.593
23/02/2017,360.5634
24/02/2017,379.0638
25/02/2017,330.6906
26/02/2017,310.9752
27/02/2017,347.3118
28/02/2017,369.927
01/03/2017,372.8916
02/03/2017,368.1612
03/03/2017,356.5458
04/03/2017,305.2242
05/03/2017,317.3904
06/03/2017,383.0652
07/03/2017,396.981
08/03/2017,377.1684
09/03/2017,365.3748
10/03/2017,362.394
11/03/2017,320.0634
12/03/2017,316.4832
13/03/2017,369.2466
14/03/2017,356.7564
15/03/2017,355.509
16/03/2017,343.8774
17/03/2017,333.4608
18/03/2017,298.8252
19/03/2017,289.1862
20/03/2017,327.4668
21/03/2017,345.7242
22/03/2017,356.1084
23/03/2017,350.9568
24/03/2017,341.3502
25/03/2017,280.2924
26/03/2017,288.6516
27/03/2017,336.879
28/03/2017,324.0972
29/03/2017,316.9368
30/03/2017,310.2624
31/03/2017,292.3452
01/04/2017,257.6934
02/04/2017,261.225
03/04/2017,316.7262
04/04/2017,319.7394
05/04/2017,314.5392
06/04/2017,323.9838
07/04/2017,311.9796
08/04/2017,269.1954
09/04/2017,257.3532
10/04/2017,299.7162
11/04/2017,317.601
12/04/2017,309.258
13/04/2017,305.6292
14/04/2017,269.6652
15/04/2017,256.8186
16/04/2017,257.5962
17/04/2017,281.7018
18/04/2017,348.9156
19/04/2017,365.9418
20/04/2017,352.0584
21/04/2017,315.8676
22/04/2017,285.1848
23/04/2017,289.3644
24/04/2017,318.6864
25/04/2017,339.1794
26/04/2017,358.1172
27/04/2017,352.431
28/04/2017,336.798
29/04/2017,286.74
30/04/2017,254.7288
01/05/2017,266.7654
02/05/2017,321.4566
03/05/2017,319.9176
04/05/2017,324.5022
05/05/2017,319.626
06/05/2017,269.6166
07/05/2017,264.1572
08/05/2017,319.2696
09/05/2017,326.3328
10/05/2017,317.1474
11/05/2017,297.4158
12/05/2017,286.1892
13/05/2017,245.43
14/05/2017,241.2018
15/05/2017,282.3012
16/05/2017,275.238
17/05/2017,269.4546
18/05/2017,271.2528
19/05/2017,274.1526
20/05/2017,238.4478
21/05/2017,234.5274
22/05/2017,275.5458
23/05/2017,270.9774
24/05/2017,269.7138
25/05/2017,233.5878
26/05/2017,243.5346
27/05/2017,220.3848
28/05/2017,218.4408
29/05/2017,269.7138
30/05/2017,273.618
31/05/2017,272.7756
01/06/2017,273.6342
02/06/2017,262.602
03/06/2017,222.831
04/06/2017,213.8886
05/06/2017,225.0828
06/06/2017,265.3398
07/06/2017,267.219
08/06/2017,272.3706
09/06/2017,269.3574
10/06/2017,228.7116
11/06/2017,223.0092
12/06/2017,264.9024
13/06/2017,274.7682
14/06/2017,268.0938
15/06/2017,246.5802
16/06/2017,251.2296
17/06/2017,230.6394
18/06/2017,229.554
19/06/2017,270.4914
20/06/2017,266.7978
21/06/2017,269.5518
22/06/2017,266.5548
23/06/2017,255.5388
24/06/2017,221.616
25/06/2017,221.6646
26/06/2017,279.369
27/06/2017,281.9124
28/06/2017,281.3616
29/06/2017,282.6414
30/06/2017,263.7684
01/07/2017,233.3772
02/07/2017,231.6438
03/07/2017,274.671
04/07/2017,278.0406
05/07/2017,283.338
06/07/2017,285.6546
07/07/2017,278.397
08/07/2017,233.523
09/07/2017,233.3934
10/07/2017,285.7842
11/07/2017,288.9594
12/07/2017,281.5074
13/07/2017,286.497
14/07/2017,273.9258
15/07/2017,236.2446
16/07/2017,229.8294
17/07/2017,275.5458
18/07/2017,271.5444
19/07/2017,271.3986
20/07/2017,276.3396
21/07/2017,262.1484
22/07/2017,220.887
23/07/2017,220.0122
24/07/2017,270.7344
25/07/2017,267.705
26/07/2017,263.5254
27/07/2017,260.8362
28/07/2017,244.9116
29/07/2017,213.597
30/07/2017,210.276
31/07/2017,252.9144
01/08/2017,255.636
02/08/2017,256.3812
03/08/2017,246.9528
04/08/2017,237.006
05/08/2017,215.298
06/08/2017,217.2258
07/08/2017,248.427
08/08/2017,252.7038
09/08/2017,248.8158
10/08/2017,263.2986
11/08/2017,257.337
12/08/2017,218.9268
13/08/2017,219.2184
14/08/2017,244.7172
15/08/2017,242.7732
16/08/2017,255.474
17/08/2017,254.016
18/08/2017,246.7422
19/08/2017,217.7604
20/08/2017,220.8708
21/08/2017,257.337
22/08/2017,262.926
23/08/2017,264.303
24/08/2017,265.5828
25/08/2017,257.8392
26/08/2017,222.9282
27/08/2017,221.5512
28/08/2017,268.7742
29/08/2017,270.54
30/08/2017,274.347
31/08/2017,287.8416
01/09/2017,280.1142
02/09/2017,241.6068
03/09/2017,240.7482
04/09/2017,287.55
05/09/2017,283.8888
06/09/2017,277.5708
07/09/2017,280.7136
08/09/2017,272.9376
09/09/2017,249.2856
10/09/2017,247.779
11/09/2017,284.4396
12/09/2017,291.357
13/09/2017,289.8504
14/09/2017,302.6484
15/09/2017,304.0254
16/09/2017,271.2366
17/09/2017,273.6828
18/09/2017,331.047
19/09/2017,336.4578
20/09/2017,328.1472
21/09/2017,326.5272
22/09/2017,315.7866
23/09/2017,275.4486
24/09/2017,273.4398
25/09/2017,327.5316
26/09/2017,329.4108
27/09/2017,327.9042
28/09/2017,321.9264
29/09/2017,304.965
30/09/2017,271.0908
01/10/2017,265.5342
02/10/2017,283.176
03/10/2017,283.5972
04/10/2017,319.4316
05/10/2017,321.6024
06/10/2017,326.6082
07/10/2017,285.8328
08/10/2017,288.684
09/10/2017,346.7934
10/10/2017,324.7938
11/10/2017,315.7542
12/10/2017,319.383
13/10/2017,315.9
14/10/2017,274.7682
15/10/2017,273.9258
16/10/2017,314.2314
17/10/2017,327.0294
18/10/2017,341.6094
19/10/2017,336.5712
20/10/2017,322.8822
21/10/2017,281.394
22/10/2017,286.7076
23/10/2017,349.4826
24/10/2017,340.9452
25/10/2017,332.829
26/10/2017,344.2986
27/10/2017,334.7082
28/10/2017,307.7028
29/10/2017,301.2876
30/10/2017,347.7492
31/10/2017,335.8098
01/11/2017,339.8922
02/11/2017,359.7372
03/11/2017,370.1862
04/11/2017,314.604
05/11/2017,331.1442
06/11/2017,413.4888
07/11/2017,412.533
08/11/2017,423.1116
09/11/2017,407.7054
10/11/2017,382.5468
11/11/2017,341.4312
12/11/2017,349.8066
13/11/2017,417.0204
14/11/2017,410.994
15/11/2017,426.8538
16/11/2017,421.2162
17/11/2017,403.1208
18/11/2017,346.4856
19/11/2017,347.8788
20/11/2017,411.9822
21/11/2017,402.3918
22/11/2017,376.9092
23/11/2017,366.2658
24/11/2017,375.1272
25/11/2017,348.4944
26/11/2017,353.8404
27/11/2017,406.6362
28/11/2017,418.9806
29/11/2017,458.1684
30/11/2017,458.8326
01/12/2017,450.8946
02/12/2017,402.4728
03/12/2017,389.7396
04/12/2017,424.4238
05/12/2017,415.0926
06/12/2017,414.6552
07/12/2017,408.807
08/12/2017,416.7288
09/12/2017,387.3096
10/12/2017,381.7044
11/12/2017,426.6108
12/12/2017,433.3338
13/12/2017,420.7302
14/12/2017,422.9496
15/12/2017,429.624
16/12/2017,380.1006
17/12/2017,383.94
18/12/2017,452.142
19/12/2017,452.304
20/12/2017,432.1674
21/12/2017,398.52
22/12/2017,362.1024
23/12/2017,309.8088
24/12/2017,287.5338
25/12/2017,304.7382
26/12/2017,315.252
27/12/2017,347.814
28/12/2017,357.4044
29/12/2017,351.6534
30/12/2017,307.8486
31/12/2017,278.964
01/01/2018,305.937
02/01/2018,365.8932
03/01/2018,368.2746
04/01/2018,372.114
05/01/2018,367.8534
06/01/2018,346.0806
07/01/2018,367.6752
08/01/2018,418.7376
09/01/2018,415.2708
10/01/2018,420.552
11/01/2018,432.4428
12/01/2018,416.8422
13/01/2018,372.0006
14/01/2018,381.429
15/01/2018,416.907
16/01/2018,412.9542
17/01/2018,424.2456
18/01/2018,411.723
19/01/2018,422.334
20/01/2018,380.0844
21/01/2018,379.2582
22/01/2018,418.608
23/01/2018,394.0812
24/01/2018,368.631
25/01/2018,385.5924
26/01/2018,394.5024
27/01/2018,348.3324
28/01/2018,331.0794
29/01/2018,373.8474
30/01/2018,396.7704
31/01/2018,388.1682
01/02/2018,409.0176
02/02/2018,403.0236
03/02/2018,375.4026
04/02/2018,387.0666
05/02/2018,462.591
06/02/2018,474.8706
07/02/2018,473.8014
08/02/2018,467.8722
09/02/2018,440.4294
10/02/2018,382.0284
11/02/2018,372.5028
12/02/2018,422.4312
13/02/2018,436.8492
14/02/2018,434.3868
15/02/2018,423.2412
16/02/2018,409.4064
17/02/2018,377.2008
18/02/2018,376.3908
19/02/2018,442.2762
20/02/2018,448.6428
21/02/2018,447.606
22/02/2018,444.4146
23/02/2018,435.375
24/02/2018,392.2506
25/02/2018,409.9248
26/02/2018,478.8882
27/02/2018,489.645
28/02/2018,483.084
01/03/2018,464.697
02/03/2018,440.964
03/03/2018,389.6262
04/03/2018,362.1348
05/03/2018,387.0828
06/03/2018,403.2018
07/03/2018,400.3992
08/03/2018,382.158
09/03/2018,368.1774
10/03/2018,313.2594
11/03/2018,300.3642
12/03/2018,345.2544
13/03/2018,357.615
14/03/2018,368.2098
15/03/2018,360.3852
16/03/2018,373.1022
17/03/2018,360.936
18/03/2018,374.706
19/03/2018,429.786
20/03/2018,428.8464
21/03/2018,420.228
22/03/2018,413.7804
23/03/2018,397.4184
24/03/2018,325.3122
25/03/2018,328.0662
26/03/2018,389.3346
27/03/2018,379.89
28/03/2018,372.9564
29/03/2018,359.3322
30/03/2018,308.4804
31/03/2018,303.507
01/04/2018,300.5424
02/04/2018,294.6132
03/04/2018,311.9148
04/04/2018,315.2034
05/04/2018,335.4858
06/04/2018,320.8734
07/04/2018,265.9554
08/04/2018,261.9378
09/04/2018,298.9224
10/04/2018,298.6308
11/04/2018,304.398
12/04/2018,295.326
13/04/2018,295.9578
14/04/2018,257.337
15/04/2018,252.315
16/04/2018,293.382
17/04/2018,286.3188
18/04/2018,277.9272
19/04/2018,273.051
20/04/2018,264.8862
21/04/2018,233.0208
22/04/2018,230.0076
23/04/2018,273.4722
24/04/2018,280.7136
25/04/2018,282.123
26/04/2018,300.3642
27/04/2018,286.6104
28/04/2018,249.9498
29/04/2018,241.1694
30/04/2018,263.493
01/05/2018,254.4372
02/05/2018,293.6736
03/05/2018,294.9048
04/05/2018,284.2128
05/05/2018,244.0854
06/05/2018,235.6128
07/05/2018,262.4076
08/05/2018,262.0674
09/05/2018,260.4474
10/05/2018,235.9854
11/05/2018,251.0514
12/05/2018,228.2256
13/05/2018,230.3964
14/05/2018,267.6726
15/05/2018,272.16
16/05/2018,276.0642
17/05/2018,280.1466
18/05/2018,280.0332
19/05/2018,239.0148
20/05/2018,221.1624
21/05/2018,226.6218
22/05/2018,264.2706
23/05/2018,268.7094
24/05/2018,270.1998
25/05/2018,262.3428
26/05/2018,226.5246
27/05/2018,224.4834
28/05/2018,256.608
29/05/2018,261.063
30/05/2018,261.468
31/05/2018,238.2696
01/06/2018,248.832
02/06/2018,230.7528
03/06/2018,229.8132
04/06/2018,263.0556
05/06/2018,272.6784
06/06/2018,267.6402
07/06/2018,271.35
08/06/2018,265.9392
09/06/2018,229.716
10/06/2018,227.2698
11/06/2018,267.2676
12/06/2018,274.509
13/06/2018,275.076
14/06/2018,271.026
15/06/2018,265.9878
16/06/2018,230.526
17/06/2018,230.7042
18/06/2018,267.057
19/06/2018,271.1394
20/06/2018,266.2956
21/06/2018,275.9994
22/06/2018,276.372
23/06/2018,242.8542
24/06/2018,247.455
25/06/2018,280.8432
26/06/2018,279.2718
27/06/2018,270.1674
28/06/2018,270.7506
29/06/2018,261.9216
30/06/2018,232.4052
01/07/2018,233.8956
02/07/2018,265.7448
03/07/2018,271.8036
04/07/2018,275.1084
05/07/2018,274.3308
06/07/2018,264.7728
07/07/2018,228.6468
08/07/2018,231.5466
09/07/2018,270.0216
10/07/2018,281.5398
11/07/2018,284.6178
12/07/2018,280.179
13/07/2018,270.3132
14/07/2018,234.3006
15/07/2018,233.6364
16/07/2018,269.8758
17/07/2018,269.649
18/07/2018,268.6608
19/07/2018,272.5326
20/07/2018,266.7816
21/07/2018,239.3388
22/07/2018,233.7498
23/07/2018,268.7256
24/07/2018,270.5724
25/07/2018,268.1586
26/07/2018,263.0232
27/07/2018,248.1516
28/07/2018,218.6838
29/07/2018,219.9474
30/07/2018,259.3458
31/07/2018,259.524
01/08/2018,265.3398
02/08/2018,264.8214
03/08/2018,253.6758
04/08/2018,224.0784
05/08/2018,224.7426
06/08/2018,260.334
07/08/2018,256.0086
08/08/2018,258.4548
09/08/2018,256.1058
10/08/2018,249.156
11/08/2018,220.5954
12/08/2018,223.1226
13/08/2018,258.4386
14/08/2018,257.8068
15/08/2018,254.097
16/08/2018,257.8068
17/08/2018,258.4062
18/08/2018,228.501
19/08/2018,230.7042
20/08/2018,274.4442
21/08/2018,282.2202
22/08/2018,281.7504
23/08/2018,278.2998
24/08/2018,266.733
25/08/2018,239.517
26/08/2018,235.1106
27/08/2018,269.5518
28/08/2018,291.114
29/08/2018,288.6516
30/08/2018,291.4542
31/08/2018,290.5794
01/09/2018,243.1134
02/09/2018,237.2328
03/09/2018,282.9654
04/09/2018,284.6178
05/09/2018,285.6546
06/09/2018,285.4602
07/09/2018,273.1644
08/09/2018,234.6246
09/09/2018,232.4214
10/09/2018,267.7374
11/09/2018,269.3736
12/09/2018,278.2026
13/09/2018,292.5072
14/09/2018,279.369
15/09/2018,240.5052
16/09/2018,236.7792
17/09/2018,276.2748
18/09/2018,265.437
19/09/2018,268.7094
20/09/2018,268.1424
21/09/2018,263.5092
22/09/2018,247.1958
23/09/2018,251.1
24/09/2018,296.8164
25/09/2018,309.1446
26/09/2018,306.5526
27/09/2018,298.242
28/09/2018,302.3082
29/09/2018,277.8138
30/09/2018,272.3544
01/10/2018,318.6216
02/10/2018,314.6364
03/10/2018,288.5706
04/10/2018,317.925
05/10/2018,303.7338
06/10/2018,263.9628
07/10/2018,272.7594
08/10/2018,324.3726
09/10/2018,328.131
10/10/2018,306.7146
11/10/2018,299.943
12/10/2018,291.4704
13/10/2018,254.34
14/10/2018,256.446
15/10/2018,315.9324
16/10/2018,326.4462
17/10/2018,329.2974
18/10/2018,333.1692
19/10/2018,333.3312
20/10/2018,288.5382
21/10/2018,287.793
22/10/2018,335.0484
23/10/2018,334.5786
24/10/2018,338.013
25/10/2018,338.1426
26/10/2018,334.2708
27/10/2018,329.7996
28/10/2018,323.6922
29/10/2018,366.1848
30/10/2018,357.4692
31/10/2018,352.1394
01/11/2018,336.3282
02/11/2018,351.7992
03/11/2018,322.5744
04/11/2018,316.5966
05/11/2018,365.6502
06/11/2018,363.0258
07/11/2018,363.3012
08/11/2018,372.3894
09/11/2018,354.942
10/11/2018,300.5586
11/11/2018,296.784
12/11/2018,342.2412
13/11/2018,350.73
14/11/2018,382.6764
15/11/2018,392.8986
16/11/2018,374.8194
17/11/2018,344.493
18/11/2018,351.2322
19/11/2018,403.6716
20/11/2018,416.8908
21/11/2018,442.1142
22/11/2018,450.117
23/11/2018,429.3324
24/11/2018,367.6914
25/11/2018,356.7078
26/11/2018,433.4796
27/11/2018,440.1378
28/11/2018,413.4078
29/11/2018,399.1032
30/11/2018,397.6614
01/12/2018,339.795
02/12/2018,324.0324
03/12/2018,362.4588
04/12/2018,405.4698
05/12/2018,414.5256
06/12/2018,386.37
07/12/2018,358.7328
08/12/2018,327.4506
09/12/2018,334.9998
10/12/2018,404.19
11/12/2018,437.4324
12/12/2018,452.466
13/12/2018,457.083
14/12/2018,453.2598
15/12/2018,404.1576
16/12/2018,397.8558
17/12/2018,435.375
18/12/2018,423.6948
19/12/2018,415.6758
20/12/2018,386.451
21/12/2018,346.113
22/12/2018,319.14
23/12/2018,311.3316
24/12/2018,316.4994
25/12/2018,317.8116
26/12/2018,333.5742
27/12/2018,358.4736
28/12/2018,356.5296
29/12/2018,330.237
30/12/2018,317.6334
31/12/2018,306.8442
01/01/2019,313.632
02/01/2019,391.3758
03/01/2019,424.1646
04/01/2019,404.0766
05/01/2019,364.014
06/01/2019,369.441
07/01/2019,411.804
08/01/2019,408.1914
09/01/2019,435.2616
10/01/2019,463.4658
11/01/2019,429.7698
12/01/2019,363.123
13/01/2019,346.9716
14/01/2019,424.2618
15/01/2019,416.8584
16/01/2019,414.2178
17/01/2019,421.443
18/01/2019,451.0728
19/01/2019,408.402
20/01/2019,420.1146
21/01/2019,492.48
22/01/2019,490.7304
23/01/2019,500.7096
24/01/2019,503.3664
25/01/2019,465.3936
26/01/2019,377.7516
27/01/2019,372.0978
28/01/2019,439.2144
29/01/2019,458.7678
30/01/2019,460.323
31/01/2019,456.3216
01/02/2019,441.2232
02/02/2019,391.5702
03/02/2019,397.1106
04/02/2019,437.1894
05/02/2019,452.2878
06/02/2019,438.048
07/02/2019,418.3164
08/02/2019,382.0932
09/02/2019,333.639
10/02/2019,346.7934
11/02/2019,416.4048
12/02/2019,427.0482
13/02/2019,414.9144
14/02/2019,408.4182
15/02/2019,381.3966
16/02/2019,334.2222
17/02/2019,333.3474
18/02/2019,380.295
19/02/2019,383.3244
20/02/2019,384.426
21/02/2019,376.2288
22/02/2019,376.2774
23/02/2019,345.1896
24/02/2019,341.9172
25/02/2019,377.3952
26/02/2019,374.5764
27/02/2019,360.8064
28/02/2019,357.2424
01/03/2019,366.3144
02/03/2019,317.0178
03/03/2019,298.5822
04/03/2019,352.3824
05/03/2019,368.7768
06/03/2019,349.92
07/03/2019,347.3604
08/03/2019,348.867
09/03/2019,304.4466
10/03/2019,319.9338
11/03/2019,388.7838
12/03/2019,367.9344
13/03/2019,368.9226
14/03/2019,373.6692
15/03/2019,348.2514
16/03/2019,307.2492
17/03/2019,312.8058
18/03/2019,379.9224
19/03/2019,391.5864
20/03/2019,373.3452
21/03/2019,359.6562
22/03/2019,342.2088
23/03/2019,301.158
24/03/2019,302.5998
25/03/2019,360.9846
26/03/2019,370.3482
27/03/2019,365.9742
28/03/2019,360.1098
29/03/2019,336.8952
30/03/2019,275.5944
31/03/2019,296.1522
01/04/2019,333.8172
02/04/2019,326.3004
03/04/2019,350.163
04/04/2019,361.7946
05/04/2019,347.5872
06/04/2019,282.933
07/04/2019,277.6518
08/04/2019,321.5052
09/04/2019,335.5182
10/04/2019,346.1616
11/04/2019,363.5442
12/04/2019,369.684
13/04/2019,330.2046
14/04/2019,325.1826
15/04/2019,344.3472
16/04/2019,333.9306
17/04/2019,327.8394
18/04/2019,293.382
19/04/2019,251.5536
20/04/2019,240.8454
21/04/2019,225.4554
22/04/2019,230.2506
23/04/2019,276.3072
24/04/2019,281.5884
25/04/2019,292.2966
26/04/2019,297.999
27/04/2019,267.5106
28/04/2019,281.3778
29/04/2019,324.0972
30/04/2019,310.6188
01/05/2019,267.462
02/05/2019,312.3036
03/05/2019,321.2946
04/05/2019,297.6426
05/05/2019,295.4556
06/05/2019,337.6728
07/05/2019,333.1854
08/05/2019,324.324
09/05/2019,321.3108
10/05/2019,316.4994
11/05/2019,278.964
12/05/2019,278.4132
13/05/2019,316.3698
14/05/2019,322.0722
15/05/2019,321.57
16/05/2019,323.5626
17/05/2019,304.1874
18/05/2019,258.5196
19/05/2019,254.3076
20/05/2019,304.5114
21/05/2019,308.043
22/05/2019,311.769
23/05/2019,304.5762
24/05/2019,287.9388
25/05/2019,260.334
26/05/2019,243.0324
27/05/2019,298.5012
28/05/2019,311.0076
29/05/2019,301.6764
30/05/2019,249.6744
31/05/2019,262.8612
01/06/2019,235.3536
02/06/2019,224.4672
03/06/2019,278.559
04/06/2019,278.1378
05/06/2019,276.5826
06/06/2019,293.5116
07/06/2019,273.6828
08/06/2019,230.6394
09/06/2019,226.7028
10/06/2019,242.6436
11/06/2019,290.628
12/06/2019,296.784
13/06/2019,295.5528
14/06/2019,287.307
15/06/2019,246.7746
16/06/2019,253.8216
17/06/2019,291.5028
18/06/2019,281.7018
19/06/2019,283.4838
20/06/2019,272.0304
21/06/2019,274.5252
22/06/2019,240.1974
23/06/2019,232.551
24/06/2019,277.1496
25/06/2019,284.3262
26/06/2019,277.4574
27/06/2019,279.936
28/06/2019,277.0686
29/06/2019,230.364
30/06/2019,221.0652
01/07/2019,279.126
02/07/2019,293.1714
03/07/2019,297.1242
04/07/2019,281.2968
05/07/2019,274.7358
06/07/2019,229.311
07/07/2019,235.1916
08/07/2019,289.1376
09/07/2019,294.8238
10/07/2019,294.5808
11/07/2019,300.3966
12/07/2019,279.8712
13/07/2019,236.8116
14/07/2019,236.5362
15/07/2019,288.7974
16/07/2019,293.382
17/07/2019,300.3804
18/07/2019,300.267
19/07/2019,285.444
20/07/2019,234.657
21/07/2019,236.5848
22/07/2019,280.7946
23/07/2019,278.7696
24/07/2019,281.9772
25/07/2019,272.7594
26/07/2019,259.3782
27/07/2019,227.4804
28/07/2019,230.5422
29/07/2019,278.0082
30/07/2019,279.8064
31/07/2019,284.0022
01/08/2019,285.7842
02/08/2019,272.4354
03/08/2019,235.8882
04/08/2019,225.6012
05/08/2019,264.5298
06/08/2019,264.6432
07/08/2019,269.892
08/08/2019,260.8848
09/08/2019,253.0926
10/08/2019,213.5484
11/08/2019,219.105
12/08/2019,283.3056
13/08/2019,286.0272
14/08/2019,281.4264
15/08/2019,255.2148
16/08/2019,252.7686
17/08/2019,215.0712
18/08/2019,213.3378
19/08/2019,268.6608
20/08/2019,283.581
21/08/2019,283.662
22/08/2019,273.7638
23/08/2019,262.1322
24/08/2019,219.2022
25/08/2019,222.3774
26/08/2019,276.3882
27/08/2019,282.6576
28/08/2019,282.852
29/08/2019,283.5
30/08/2019,269.1792
31/08/2019,221.1138
01/09/2019,229.4244
02/09/2019,283.5486
03/09/2019,291.4704
04/09/2019,285.0552
05/09/2019,291.681
06/09/2019,289.5102
07/09/2019,260.2368
08/09/2019,262.7964
09/09/2019,311.3802
10/09/2019,303.9606
11/09/2019,295.2936
12/09/2019,292.3452
13/09/2019,289.8666
14/09/2019,248.8968
15/09/2019,243.2268
16/09/2019,305.2566
17/09/2019,298.2744
18/09/2019,320.3064
19/09/2019,330.7554
20/09/2019,320.0796
21/09/2019,264.1086
22/09/2019,257.661
23/09/2019,317.5848
24/09/2019,319.4802
25/09/2019,326.2194
26/09/2019,314.7012
27/09/2019,294.6294
28/09/2019,242.7084
29/09/2019,242.5464
30/09/2019,302.0004
01/10/2019,317.7954
02/10/2019,322.542
03/10/2019,308.9178
04/10/2019,317.0988
05/10/2019,292.5234
06/10/2019,295.9578
07/10/2019,346.5504
08/10/2019,331.5816
09/10/2019,334.7244
10/10/2019,327.8556
11/10/2019,301.5306
12/10/2019,266.9598
13/10/2019,254.4048
14/10/2019,317.196
15/10/2019,329.5404
16/10/2019,335.5992
17/10/2019,337.3164
18/10/2019,318.9942
19/10/2019,293.544
20/10/2019,293.9976
21/10/2019,340.9614
22/10/2019,348.0408
23/10/2019,346.4046
24/10/2019,337.5756
25/10/2019,319.059
26/10/2019,273.5208
27/10/2019,290.0772
28/10/2019,370.98
29/10/2019,380.7324
30/10/2019,383.9562
31/10/2019,373.5558
01/11/2019,329.994
02/11/2019,289.8342
03/11/2019,300.5424
04/11/2019,361.2276
05/11/2019,373.2642
06/11/2019,384.1668
07/11/2019,382.2552
08/11/2019,380.943
09/11/2019,340.8318
10/11/2019,347.571
11/11/2019,392.7852
12/11/2019,406.1826
13/11/2019,421.3458
14/11/2019,414.7524
15/11/2019,397.5804
16/11/2019,359.2674
17/11/2019,361.0008
18/11/2019,411.1074
19/11/2019,434.7108
20/11/2019,447.9948
21/11/2019,432.7668
22/11/2019,398.115
23/11/2019,342.3708
24/11/2019,352.4472
25/11/2019,414.8658
26/11/2019,391.5702
27/11/2019,368.712
28/11/2019,370.7694
29/11/2019,389.124
30/11/2019,371.385
01/12/2019,380.9916
02/12/2019,444.2202
03/12/2019,444.3012
04/12/2019,447.4278
05/12/2019,442.5516
06/12/2019,394.3404
07/12/2019,333.7362
08/12/2019,322.2018
09/12/2019,398.7468
10/12/2019,424.0674
11/12/2019,437.7402
12/12/2019,426.9024
13/12/2019,410.7348
14/12/2019,346.5504
15/12/2019,339.2118
16/12/2019,401.2902
17/12/2019,374.2362
18/12/2019,390.8088
19/12/2019,366.3144
20/12/2019,344.25
21/12/2019,323.5788
22/12/2019,315.7542
23/12/2019,318.654
24/12/2019,297.2538
25/12/2019,299.133
26/12/2019,313.0488
27/12/2019,337.5432
28/12/2019,343.278
29/12/2019,338.0292
30/12/2019,343.9098
31/12/2019,336.7656
202011,344.9952
202012,380.8296
202013,356.8698
202014,348.2028
202015,357.5502
202016,407.187
202017,411.2046
202018,410.4756
202019,380.5704
2020110,389.4804
2020111,361.3734
2020112,357.9066
2020113,409.4874
2020114,378.513
2020115,376.7472
2020116,401.0796
2020117,395.7012
2020118,375.5484
2020119,390.8898
2020120,459.027
2020121,472.1976
2020122,483.1326
2020123,479.034
2020124,464.859
2020125,406.9764
2020126,382.482
2020127,419.5314
2020128,417.9114
2020129,418.77
2020130,385.884
2020131,350.973
202021,315.7218
202022,332.505
202023,378.837
202024,407.0898
202025,438.5016
202026,451.1862
202027,423.9054
202028,355.1364
202029,318.7998
2020210,376.731
2020211,389.8044
2020212,401.8734
2020213,418.9968
2020214,399.9942
2020215,321.3594
2020216,303.0372
2020217,369.5058
2020218,381.834
2020219,404.8542
2020220,391.6836
2020221,376.326
2020222,317.115
2020223,325.4094
2020224,373.896
2020225,384.6366
2020226,424.2456
2020227,435.132
2020228,389.7882
2020229,321.327
202031,330.804
202032,403.4934
202033,423.9216
202034,426.0438
202035,409.6656
202036,400.3344
202037,352.9656
202038,332.829
202039,393.3846
2020310,371.5308
2020311,353.2086
2020312,355.671
2020313,369.4086
2020314,332.7804
2020315,315.414
2020316,359.7048
2020317,347.1012
2020318,334.6434
2020319,342.8406
2020320,326.5272
2020321,309.0636
2020322,314.199
2020323,355.1688
2020324,349.4502
2020325,345.87
2020326,340.5078
2020327,312.417
2020328,265.8744
2020329,308.2698
2020330,361.422
2020331,360.9198
202041,345.951
202042,326.916
202043,319.0104
202044,278.802
202045,254.4534
202046,278.6886
202047,280.6974
202048,281.1996
202049,267.6888
2020410,242.7894
2020411,230.8824
2020412,215.0226
2020413,243.5346
2020414,303.1668
2020415,297.4158
2020416,294.0948
2020417,286.6914
2020418,251.5374
2020419,252.234
2020420,279.936
2020421,277.506
2020422,283.581
2020423,302.4216
2020424,272.97
2020425,258.6654
2020426,262.0026
2020427,294.3216
2020428,296.703
2020429,295.2936
2020430,280.5516
202051,245.3328
202052,250.7436
202053,254.2914
202054,300.591
202055,312.7896
202056,315.09
202057,312.1254
202058,288.3114
202059,254.421
2020510,244.5552
2020511,314.8956
2020512,330.9012
2020513,336.0528
2020514,333.5742
2020515,312.6276
2020516,264.7242
2020517,256.2678
2020518,289.3968
2020519,301.401
2020520,297.4806
2020521,247.0014
2020522,245.187
2020523,229.554
2020524,230.8014
2020525,292.653
2020526,309.5658
2020527,304.8678
2020528,301.0608
2020529,275.3838
2020530,227.367
2020531,215.3466
202061,222.5394
202062,281.8962
202063,289.8018
202064,295.407
202065,280.6974
202066,239.4846
202067,249.4152
202068,312.2712
202069,315.7056
2020610,307.2978
2020611,276.2262
2020612,259.8156
2020613,229.2138
2020614,242.2224
2020615,301.3524
2020616,307.7676
2020617,305.9046
2020618,308.6586
2020619,293.8032
2020620,245.268
2020621,241.2666
2020622,291.5352
2020623,297.1728
2020624,294.2244
2020625,294.192
2020626,279.2556
2020627,236.034
2020628,235.3698
2020629,283.0302
2020630,282.204
202071,294.5646
202072,310.635
202073,290.1096
202074,231.903
202075,228.7278
202076,287.064
202077,308.0106
202078,314.9604
202079,303.2964
2020710,301.158
2020711,272.403
2020712,266.8788
2020713,304.56
2020714,309.4038
2020715,314.9928
2020716,318.0222
2020717,295.4556
2020718,264.7566
2020719,257.2398
2020720,296.9298
2020721,305.208
2020722,304.8678
2020723,285.2496
2020724,275.0436
2020725,254.7612
2020726,249.4638
2020727,268.8066
2020728,264.6756
2020729,269.4222
2020730,274.752
2020731,255.8466
202081,231.1416
202082,248.2812
202083,284.2128
202084,279.936
202085,273.6504
202086,277.83
202087,267.9318
202088,237.006
202089,238.8852
2020810,279.9846
2020811,275.9508
2020812,268.9686
2020813,274.0068
2020814,272.7108
2020815,249.9012
2020816,245.8674
2020817,287.5338
2020818,292.3776
2020819,290.4012
2020820,276.8256
2020821,258.066
2020822,220.239
2020823,232.8912
2020824,287.8578
2020825,276.696
2020826,260.6418
2020827,290.871
2020828,278.559
2020829,251.6508
2020830,255.1662
2020831,294.5322
202091,303.1992
202092,303.264
202093,293.9814
202094,283.014
202095,237.5892
202096,250.9056
202097,295.1478
202098,292.8474
202099,296.5734
2020910,305.9532
2020911,291.7944
2020912,242.9352
2020913,245.43
2020914,290.5956
2020915,299.9268
2020916,295.2288
2020917,303.0696
2020918,296.379
2020919,262.44
2020920,263.2662
2020921,307.6056
2020922,309.9546
2020923,304.8354
2020924,299.862
2020925,303.3612
2020926,263.1042
2020927,279.1098
2020928,332.7804
2020929,336.5226
2020930,327.4992
2020101,337.4946
2020102,308.7558
2020103,271.6902
2020104,274.6872
2020105,348.5916
2020106,336.474
2020107,333.4122
2020108,327.4668
2020109,339.0822
20201010,290.9844
20201011,301.887
20201012,377.1522
20201013,378.918
20201014,369.9432
20201015,394.794
20201016,388.314
20201017,342.6462
20201018,329.3136
20201019,387.3582
20201020,363.9654
20201021,340.7994
20201022,338.5476
20201023,349.596
20201024,305.4024
20201025,298.7604
20201026,364.986
20201027,358.7166
20201028,350.9406
20201029,350.325
20201030,318.9618
20201031,282.528
2020111,273.132
2020112,308.0268
2020113,356.805
2020114,387.2934
2020115,392.7366
2020116,380.538
2020117,330.0102
2020118,330.2856
2020119,396.2682
20201110,410.9616
20201111,398.6334
20201112,384.3774
20201113,365.2938
20201114,307.9296
20201115,296.8812
20201116,360.5634
20201117,367.74
20201118,358.7004
20201119,373.8312
20201120,418.689
20201121,351.9126
20201122,347.3928
20201123,418.0896
20201124,428.976
20201125,445.5324
20201126,452.466
20201127,441.7092
20201128,395.8308
20201129,407.2194
20201130,456.4188
2020121,456.9696
2020122,471.6954
2020123,450.9108
2020124,437.7564
2020125,401.6142
2020126,398.5524
2020127,447.4278
2020128,457.9254
2020129,470.7558
20201210,471.3228
20201211,441.1098
20201212,386.7426
20201213,373.1346
20201214,411.1398
20201215,413.991
20201216,400.0266
20201217,398.2608
20201218,382.7412
20201219,342.225
20201220,347.166
20201221,356.8374
20201222,335.3724
20201223,326.349
20201224,303.831
20201225,324.8586
20201226,317.0988
20201227,320.355
20201228,363.7872
20201229,365.9094
20201230,362.6694
20201231,348.462
01/01/2021,344.0718
02/01/2021,362.9772
03/01/2021,365.148
04/01/2021,436.0716
05/01/2021,446.634
06/01/2021,447.0228
07/01/2021,462.8178
08/01/2021,460.404
09/01/2021,420.39
10/01/2021,410.4756
11/01/2021,449.0964
12/01/2021,440.2512
13/01/2021,431.7786
14/01/2021,470.6748
15/01/2021,475.3404
16/01/2021,425.574
17/01/2021,419.1912
18/01/2021,440.0244
19/01/2021,413.4564
20/01/2021,387.3906
21/01/2021,375.3864
22/01/2021,400.788
23/01/2021,375.6456
24/01/2021,391.2624
25/01/2021,455.3334
26/01/2021,452.2878
27/01/2021,447.5088
28/01/2021,429.8022
29/01/2021,400.059
30/01/2021,389.8368
31/01/2021,393.9192
01/02/2021,447.3954
02/02/2021,414.2826
03/02/2021,390.7116
04/02/2021,416.34
05/02/2021,402.084
06/02/2021,370.3806
07/02/2021,404.8056
08/02/2021,487.5552
09/02/2021,509.4576
10/02/2021,521.154
11/02/2021,519.8256
12/02/2021,511.2234
13/02/2021,467.9208
14/02/2021,442.8918
15/02/2021,471.2094
16/02/2021,430.9362
17/02/2021,408.24
18/02/2021,397.4346
19/02/2021,384.102
20/02/2021,325.2312
21/02/2021,329.3784
22/02/2021,380.862
23/02/2021,354.3426
24/02/2021,343.9098
25/02/2021,358.3278
26/02/2021,370.8504
27/02/2021,345.8214
28/02/2021,347.5224
01/03/2021,407.43
02/03/2021,407.6406
03/03/2021,395.2152
04/03/2021,404.2548
05/03/2021,415.4004
06/03/2021,363.933
07/03/2021,364.8078
08/03/2021,424.6992
09/03/2021,427.032
10/03/2021,391.1166
11/03/2021,358.506
12/03/2021,351.5724
13/03/2021,318.4272
14/03/2021,331.7436
15/03/2021,384.5394
16/03/2021,407.6244
17/03/2021,426.0438
18/03/2021,430.7418
19/03/2021,414.315
20/03/2021,363.3498
21/03/2021,355.2336
22/03/2021,417.3444
23/03/2021,414.963
24/03/2021,390.177
25/03/2021,375.3702
26/03/2021,336.8466
27/03/2021,303.1992
28/03/2021,303.8796
29/03/2021,331.5654
30/03/2021,344.25
31/03/2021,336.8304
01/04/2021,312.2874
02/04/2021,292.3452
03/04/2021,290.385
04/04/2021,278.64
05/04/2021,311.0886
06/04/2021,383.1624
07/04/2021,383.5188
08/04/2021,381.7044
09/04/2021,353.5002
10/04/2021,323.1414
11/04/2021,313.1298
12/04/2021,397.548
13/04/2021,393.174
14/04/2021,405.081
15/04/2021,397.3374
16/04/2021,377.1684
17/04/2021,327.6774
18/04/2021,328.6656
19/04/2021,367.5456
20/04/2021,353.5326
21/04/2021,331.7436
22/04/2021,338.337
23/04/2021,331.4682
24/04/2021,291.8916
25/04/2021,299.943
26/04/2021,346.9068
27/04/2021,340.1676
28/04/2021,326.3814
29/04/2021,336.2634
30/04/2021,339.795
01/05/2021,279.8064
02/05/2021,296.0388
03/05/2021,324.8424
04/05/2021,315.7056
05/05/2021,335.9718
06/05/2021,356.481
07/05/2021,341.1072
08/05/2021,274.8006
09/05/2021,241.7364
10/05/2021,285.7194
11/05/2021,302.1786
12/05/2021,303.588
13/05/2021,271.5768
14/05/2021,286.3188
15/05/2021,266.9274
16/05/2021,264.3678
17/05/2021,308.9826
18/05/2021,315.3978
19/05/2021,319.221
20/05/2021,308.3184
21/05/2021,283.4676
22/05/2021,250.9218
23/05/2021,243.0648
24/05/2021,255.5712
25/05/2021,305.9856
26/05/2021,306.909
27/05/2021,313.6158
28/05/2021,301.2552
29/05/2021,257.661
30/05/2021,251.748
31/05/2021,282.4632
01/06/2021,276.777
02/06/2021,263.898
03/06/2021,250.5978
04/06/2021,258.0984
05/06/2021,233.3286
06/06/2021,236.682
07/06/2021,291.6648
08/06/2021,291.8592
09/06/2021,289.3644
10/06/2021,283.9374
11/06/2021,263.4282
12/06/2021,220.5468
13/06/2021,223.317
14/06/2021,264.7404
15/06/2021,279.1422
16/06/2021,276.6312
17/06/2021,273.5532
18/06/2021,262.9098
19/06/2021,220.7412
20/06/2021,219.1374
21/06/2021,263.3472
22/06/2021,287.2584
23/06/2021,292.1184
24/06/2021,292.9446
25/06/2021,281.1996
26/06/2021,231.3198
27/06/2021,226.638
28/06/2021,279.9198
29/06/2021,292.0698
30/06/2021,296.217
01/07/2021,298.242
02/07/2021,278.316
03/07/2021,227.6424
04/07/2021,228.2418
05/07/2021,271.7064
06/07/2021,258.147
07/07/2021,283.6296
08/07/2021,293.2038
09/07/2021,276.4692
10/07/2021,232.0326
11/07/2021,232.8588
12/07/2021,278.5752
13/07/2021,282.0096
14/07/2021,277.5708
15/07/2021,277.0686
16/07/2021,257.8878
17/07/2021,218.6514
18/07/2021,219.024
19/07/2021,261.63
20/07/2021,268.4988
21/07/2021,268.515
22/07/2021,267.3486
23/07/2021,250.5654
24/07/2021,209.1258
25/07/2021,210.357
26/07/2021,251.8938
27/07/2021,252.5418
28/07/2021,241.4772
29/07/2021,236.277
30/07/2021,227.9178
31/07/2021,206.145
01/08/2021,210.8916
02/08/2021,239.112
03/08/2021,246.5478
04/08/2021,249.9984
05/08/2021,244.296
06/08/2021,228.987
07/08/2021,209.7252
08/08/2021,205.3512
09/08/2021,232.2756
10/08/2021,242.757
11/08/2021,247.3254
12/08/2021,245.1384
13/08/2021,228.1608
14/08/2021,206.8578
15/08/2021,205.7886
16/08/2021,240.3756
17/08/2021,245.9484
18/08/2021,246.5478
19/08/2021,252.1368
20/08/2021,244.5876
21/08/2021,214.1154
22/08/2021,215.5572
23/08/2021,252.1206
24/08/2021,258.5358
25/08/2021,253.0926
26/08/2021,260.3664
27/08/2021,252.639
28/08/2021,221.2434
29/08/2021,222.7338
30/08/2021,258.9732
31/08/2021,266.9922
01/09/2021,270.6858
02/09/2021,265.0968
03/09/2021,254.583
04/09/2021,219.1374
05/09/2021,219.0726
06/09/2021,263.6388
07/09/2021,265.9716
08/09/2021,262.6182
09/09/2021,267.2514
10/09/2021,265.2588
11/09/2021,222.0048
12/09/2021,220.1256
13/09/2021,269.8434
14/09/2021,266.1174
15/09/2021,272.9052
16/09/2021,276.4368
17/09/2021,262.3752
18/09/2021,217.647
19/09/2021,224.0784
20/09/2021,275.238
21/09/2021,276.0642
22/09/2021,273.8772
23/09/2021,260.7228
24/09/2021,248.2812
25/09/2021,221.5836
26/09/2021,215.1846
27/09/2021,256.9482
28/09/2021,277.83
29/09/2021,268.029
30/09/2021,265.7286
01/10/2021,261.6624
02/10/2021,224.4348
03/10/2021,223.5924
04/10/2021,278.5752
05/10/2021,275.967
06/10/2021,295.1802
07/10/2021,308.1402
08/10/2021,293.6412
09/10/2021,253.3842
10/10/2021,259.5402
11/10/2021,302.7132
12/10/2021,316.8882
13/10/2021,326.7378
14/10/2021,311.8014
15/10/2021,301.5306
16/10/2021,275.2542
17/10/2021,272.241
18/10/2021,310.311
19/10/2021,296.4762
20/10/2021,277.0362
21/10/2021,298.5822
22/10/2021,304.317
23/10/2021,288.846
24/10/2021,281.961
25/10/2021,334.0602
26/10/2021,323.676
27/10/2021,316.5156
28/10/2021,317.7468
29/10/2021,303.7824
30/10/2021,280.0008
31/10/2021,254.016
01/11/2021,296.4438
02/11/2021,362.3778
03/11/2021,374.22
04/11/2021,362.1834
05/11/2021,348.1542
06/11/2021,296.3142
07/11/2021,294.8562
08/11/2021,376.9578
09/11/2021,374.868
10/11/2021,401.0796
11/11/2021,394.9398
12/11/2021,372.033
13/11/2021,328.1148
14/11/2021,323.3196
15/11/2021,399.8322
16/11/2021,398.8116
17/11/2021,369.6192
18/11/2021,349.9038
19/11/2021,335.5992
20/11/2021,302.4378
21/11/2021,325.539
22/11/2021,403.3476
23/11/2021,420.876
24/11/2021,419.2236
25/11/2021,416.502
26/11/2021,393.2226
27/11/2021,365.1804
28/11/2021,367.7724
29/11/2021,423.63
30/11/2021,386.0946
01/12/2021,367.4808
02/12/2021,419.9364
03/12/2021,396.3816
04/12/2021,352.1718
05/12/2021,363.9654
06/12/2021,426.0114
07/12/2021,417.0204
08/12/2021,418.1544
09/12/2021,433.593
10/12/2021,421.2972
11/12/2021,369.6192
12/12/2021,341.739
13/12/2021,395.1666
14/12/2021,397.7424
15/12/2021,388.8
16/12/2021,392.8176
17/12/2021,384.3126
18/12/2021,340.7184
19/12/2021,331.4844
20/12/2021,423.0144
21/12/2021,437.9022
22/12/2021,420.5358
23/12/2021,354.1158
24/12/2021,293.0094
25/12/2021,305.8236
26/12/2021,313.1946
27/12/2021,330.2694
28/12/2021,311.3802
29/12/2021,299.7648
30/12/2021,269.2926
31/12/2021,245.5434
01/01/2022,246.6612
02/01/2022,263.898
03/01/2022,316.3698
04/01/2022,348.6078
05/01/2022,360.4338
06/01/2022,381.9312
07/01/2022,374.0418
08/01/2022,337.1706
09/01/2022,348.7536
10/01/2022,432.5724
11/01/2022,439.5384
12/01/2022,434.6784
13/01/2022,420.5682
14/01/2022,418.7862
15/01/2022,377.6868
16/01/2022,344.5254
17/01/2022,395.442
18/01/2022,421.6536
19/01/2022,390.6468
20/01/2022,401.5656
21/01/2022,400.5774
22/01/2022,368.4366
23/01/2022,369.3276
24/01/2022,433.593
25/01/2022,440.9154
26/01/2022,419.337
27/01/2022,392.7528
28/01/2022,382.9356
29/01/2022,317.4552
30/01/2022,325.5066
31/01/2022,391.554
01/02/2022,373.329
02/02/2022,377.46
03/02/2022,377.1846
04/02/2022,351.297
05/02/2022,314.523
06/02/2022,314.361
07/02/2022,370.008
08/02/2022,352.2852
09/02/2022,376.7634
10/02/2022,372.276
11/02/2022,378.108
12/02/2022,330.1884
13/02/2022,310.392
14/02/2022,346.9392
15/02/2022,354.861
16/02/2022,341.7876
17/02/2022,338.3856
18/02/2022,335.5182
19/02/2022,303.0696
20/02/2022,296.46
21/02/2022,355.6386
22/02/2022,357.6312
23/02/2022,358.182
24/02/2022,352.8036
25/02/2022,359.154
26/02/2022,331.5168
27/02/2022,325.0206
28/02/2022,372.7134
01/03/2022,395.4744
02/03/2022,393.903
03/03/2022,377.1522
04/03/2022,375.5646
05/03/2022,328.7466
06/03/2022,338.0778
07/03/2022,390.177
08/03/2022,363.5928
09/03/2022,349.1586
10/03/2022,327.5478
11/03/2022,310.6998
12/03/2022,277.182
13/03/2022,277.8138
14/03/2022,343.845
15/03/2022,357.8418
16/03/2022,326.673
17/03/2022,344.9628
18/03/2022,327.8232
19/03/2022,274.509
20/03/2022,277.0686
21/03/2022,332.9748
22/03/2022,333.3798
23/03/2022,328.1148
24/03/2022,327.0942
25/03/2022,299.4084
26/03/2022,249.7068
27/03/2022,265.3398
28/03/2022,308.286
29/03/2022,326.4624
30/03/2022,340.4592
31/03/2022,342.4356
01/04/2022,345.9348
02/04/2022,318.3462
03/04/2022,299.4084
04/04/2022,331.2576
05/04/2022,322.4286
06/04/2022,296.3142
07/04/2022,302.4702
08/04/2022,316.2564
09/04/2022,280.6002
10/04/2022,286.821
11/04/2022,309.8574
12/04/2022,286.4646
13/04/2022,290.5956
14/04/2022,269.1306
15/04/2022,244.5714
16/04/2022,235.7262
17/04/2022,224.3862
18/04/2022,236.8278
19/04/2022,277.911
20/04/2022,282.8844
21/04/2022,278.397
22/04/2022,257.4018
23/04/2022,222.7824
24/04/2022,233.199
25/04/2022,298.323
26/04/2022,302.94
27/04/2022,293.0904
28/04/2022,276.7446
29/04/2022,266.7006
30/04/2022,229.6998
01/05/2022,223.317
02/05/2022,267.5268
03/05/2022,278.8668
04/05/2022,282.7548
05/05/2022,278.7048
06/05/2022,266.1174
07/05/2022,217.9872
08/05/2022,222.7986
09/05/2022,260.3826
10/05/2022,251.343
11/05/2022,244.2312
12/05/2022,251.667
13/05/2022,239.8572
14/05/2022,211.9446
15/05/2022,208.5102
16/05/2022,248.832
17/05/2022,259.5726
18/05/2022,250.1766
19/05/2022,251.1
20/05/2022,234.2358
21/05/2022,205.8048
22/05/2022,212.949
23/05/2022,246.807
24/05/2022,257.742
25/05/2022,237.1194
26/05/2022,208.8018
27/05/2022,218.1168
28/05/2022,208.9152
29/05/2022,224.3862
30/05/2022,273.051
31/05/2022,269.3088
01/06/2022,267.3324
02/06/2022,260.3502
03/06/2022,240.3918
04/06/2022,199.584
05/06/2022,186.9966
06/06/2022,198.1746
07/06/2022,249.318
08/06/2022,252.3798
09/06/2022,250.4844
10/06/2022,234.3816
11/06/2022,197.8344
12/06/2022,200.1996
13/06/2022,241.4934
14/06/2022,253.8702
15/06/2022,244.8468
16/06/2022,213.759
17/06/2022,210.0492
18/06/2022,182.8656
19/06/2022,189.702
20/06/2022,237.2328
21/06/2022,244.9764
22/06/2022,250.209
23/06/2022,234.6408
24/06/2022,229.3758
25/06/2022,188.1144
26/06/2022,195.3396
27/06/2022,239.5656
28/06/2022,236.6658
29/06/2022,245.673
30/06/2022,244.3608
01/07/2022,226.3788
02/07/2022,189.1188
03/07/2022,188.7462
04/07/2022,226.1034
05/07/2022,228.7764
06/07/2022,222.183
07/07/2022,223.1712
08/07/2022,213.9048
09/07/2022,183.789
10/07/2022,186.3324
11/07/2022,236.1636
12/07/2022,230.1372
13/07/2022,225.018
14/07/2022,218.295
15/07/2022,213.6942
16/07/2022,177.7626
17/07/2022,186.624
18/07/2022,231.9354
19/07/2022,221.535
20/07/2022,222.8958
21/07/2022,237.2328
22/07/2022,227.6262
23/07/2022,184.0482
24/07/2022,176.499
25/07/2022,199.908
26/07/2022,222.6042
27/07/2022,220.0932
28/07/2022,213.5808
29/07/2022,205.6266
30/07/2022,168.4962
31/07/2022,169.29
01/08/2022,206.6958
02/08/2022,198.126
03/08/2022,202.662
04/08/2022,205.2378
05/08/2022,190.7226
06/08/2022,165.6936
07/08/2022,165.2724
08/08/2022,193.1526
09/08/2022,195.3072
10/08/2022,197.2188
11/08/2022,201.2364
12/08/2022,193.7034
13/08/2022,165.5154
14/08/2022,160.8174
15/08/2022,201.4794
16/08/2022,219.2832
17/08/2022,225.1638
18/08/2022,224.208
19/08/2022,212.8194
20/08/2022,169.0146
21/08/2022,182.3958
22/08/2022,223.5114
23/08/2022,221.778
24/08/2022,223.6572
25/08/2022,220.6764
26/08/2022,221.1138
27/08/2022,178.4916
28/08/2022,170.2782
29/08/2022,218.1492
30/08/2022,218.7486
31/08/2022,226.5408
01/09/2022,226.719
02/09/2022,196.7328
03/09/2022,161.109
04/09/2022,165.6774
05/09/2022,222.8634
06/09/2022,213.2892
07/09/2022,220.0122
08/09/2022,211.9284
09/09/2022,218.9268
10/09/2022,181.4886
11/09/2022,185.9436
12/09/2022,220.2228
13/09/2022,225.0342
14/09/2022,229.0356
15/09/2022,212.5926
16/09/2022,204.8652
17/09/2022,183.87
18/09/2022,187.8066
19/09/2022,245.43
20/09/2022,252.639
21/09/2022,255.9114
22/09/2022,251.6022
23/09/2022,236.8926
24/09/2022,192.213
25/09/2022,198.45
26/09/2022,248.2164
27/09/2022,247.536
28/09/2022,260.6094
29/09/2022,258.0822
30/09/2022,242.595
01/10/2022,188.0658
02/10/2022,190.6092
03/10/2022,210.3246
