Resolution,Datetime,Price
10MIN,2021-11-01 07:00:00,70
10MIN,2021-11-01 07:10:00,NULL
10MIN,2021-11-01 07:20:00,71.5
10MIN,2021-11-01 07:30:00,71.375
10MIN,2021-11-01 07:40:00,NULL
10MIN,2021-11-01 07:50:00,71.325
10MIN,2021-11-01 08:00:00,70.9
10MIN,2021-11-01 08:10:00,70.65
10MIN,2021-11-01 08:20:00,70.65
10MIN,2021-11-01 08:30:00,69.975
10MIN,2021-11-01 08:40:00,71
10MIN,2021-11-01 08:50:00,71.2
10MIN,2021-11-01 09:00:00,71.1
10MIN,2021-11-01 09:10:00,71.9
10MIN,2021-11-01 09:20:00,72.475
10MIN,2021-11-01 09:30:00,72.9
10MIN,2021-11-01 09:40:00,72.4
10MIN,2021-11-01 09:50:00,71.825
10MIN,2021-11-01 10:00:00,71.75
10MIN,2021-11-01 10:10:00,71.525
10MIN,2021-11-01 10:20:00,71
10MIN,2021-11-01 10:30:00,70.875
10MIN,2021-11-01 10:40:00,70.75
10MIN,2021-11-01 10:50:00,70.3
10MIN,2021-11-01 11:00:00,70.4
10MIN,2021-11-01 11:10:00,70.225
10MIN,2021-11-01 11:20:00,70.05
10MIN,2021-11-01 11:30:00,69.525
10MIN,2021-11-01 11:40:00,68.925
10MIN,2021-11-01 11:50:00,68.85
10MIN,2021-11-01 12:00:00,69.175
10MIN,2021-11-01 12:10:00,69.425
10MIN,2021-11-01 12:20:00,69
10MIN,2021-11-01 12:30:00,67.5
10MIN,2021-11-01 12:40:00,66.375
10MIN,2021-11-01 12:50:00,66.3
10MIN,2021-11-01 13:00:00,64.9
10MIN,2021-11-01 13:10:00,62
10MIN,2021-11-01 13:20:00,63.025
10MIN,2021-11-01 13:30:00,62.8
10MIN,2021-11-01 13:40:00,63
10MIN,2021-11-01 13:50:00,63
10MIN,2021-11-01 14:00:00,62.725
10MIN,2021-11-01 14:10:00,62.675
10MIN,2021-11-01 14:20:00,62.825
10MIN,2021-11-01 14:30:00,64.35
10MIN,2021-11-01 14:40:00,63.3
10MIN,2021-11-01 14:50:00,64.4
10MIN,2021-11-01 15:00:00,65.05
10MIN,2021-11-01 15:10:00,66.2
10MIN,2021-11-01 15:20:00,66.65
10MIN,2021-11-01 15:30:00,66.3
10MIN,2021-11-01 15:40:00,67
10MIN,2021-11-01 15:50:00,64.75
10MIN,2021-11-01 16:00:00,64.2
10MIN,2021-11-01 16:10:00,64
10MIN,2021-11-01 16:20:00,63.3
10MIN,2021-11-01 16:30:00,65.7
10MIN,2021-11-01 16:40:00,66.925
10MIN,2021-11-01 16:50:00,67
10MIN,2021-11-02 07:00:00,NULL
10MIN,2021-11-02 07:10:00,NULL
10MIN,2021-11-02 07:20:00,NULL
10MIN,2021-11-02 07:30:00,67
10MIN,2021-11-02 07:40:00,NULL
10MIN,2021-11-02 07:50:00,67.4
10MIN,2021-11-02 08:00:00,64.4
10MIN,2021-11-02 08:10:00,64.4
10MIN,2021-11-02 08:20:00,65.1
10MIN,2021-11-02 08:30:00,65.525
10MIN,2021-11-02 08:40:00,65.85
10MIN,2021-11-02 08:50:00,65.75
10MIN,2021-11-02 09:00:00,65.75
10MIN,2021-11-02 09:10:00,63
10MIN,2021-11-02 09:20:00,63.575
10MIN,2021-11-02 09:30:00,63.425
10MIN,2021-11-02 09:40:00,63.95
10MIN,2021-11-02 09:50:00,64.225
10MIN,2021-11-02 10:00:00,65
10MIN,2021-11-02 10:10:00,66
10MIN,2021-11-02 10:20:00,66.225
10MIN,2021-11-02 10:30:00,66.275
10MIN,2021-11-02 10:40:00,65.9
10MIN,2021-11-02 10:50:00,66.15
10MIN,2021-11-02 11:00:00,65.5
10MIN,2021-11-02 11:10:00,66.3
10MIN,2021-11-02 11:20:00,66.65
10MIN,2021-11-02 11:30:00,67.5
10MIN,2021-11-02 11:40:00,67.05
10MIN,2021-11-02 11:50:00,67.2
10MIN,2021-11-02 12:00:00,66.775
10MIN,2021-11-02 12:10:00,66.5
10MIN,2021-11-02 12:20:00,66.5
10MIN,2021-11-02 12:30:00,67
10MIN,2021-11-02 12:40:00,66.775
10MIN,2021-11-02 12:50:00,67
10MIN,2021-11-02 13:00:00,67.75
10MIN,2021-11-02 13:10:00,67.9
10MIN,2021-11-02 13:20:00,68.425
10MIN,2021-11-02 13:30:00,68
10MIN,2021-11-02 13:40:00,68.1
10MIN,2021-11-02 13:50:00,67.525
10MIN,2021-11-02 14:00:00,67.25
10MIN,2021-11-02 14:10:00,67
10MIN,2021-11-02 14:20:00,67.4
10MIN,2021-11-02 14:30:00,66.8
10MIN,2021-11-02 14:40:00,66.3
10MIN,2021-11-02 14:50:00,66.3
10MIN,2021-11-02 15:00:00,66.3
10MIN,2021-11-02 15:10:00,65.9
10MIN,2021-11-02 15:20:00,65.775
10MIN,2021-11-02 15:30:00,65.5
10MIN,2021-11-02 15:40:00,65.9
10MIN,2021-11-02 15:50:00,66.05
10MIN,2021-11-02 16:00:00,66.45
10MIN,2021-11-02 16:10:00,68
10MIN,2021-11-02 16:20:00,69.375
10MIN,2021-11-02 16:30:00,70
10MIN,2021-11-02 16:40:00,70.5
10MIN,2021-11-02 16:50:00,70.625
10MIN,2021-11-03 07:00:00,NULL
10MIN,2021-11-03 07:10:00,NULL
10MIN,2021-11-03 07:20:00,NULL
10MIN,2021-11-03 07:30:00,69.7
10MIN,2021-11-03 07:40:00,70.25
10MIN,2021-11-03 07:50:00,NULL
10MIN,2021-11-03 08:00:00,71
10MIN,2021-11-03 08:10:00,70.75
10MIN,2021-11-03 08:20:00,71.875
10MIN,2021-11-03 08:30:00,71.525
10MIN,2021-11-03 08:40:00,71.225
10MIN,2021-11-03 08:50:00,71.475
10MIN,2021-11-03 09:00:00,71.95
10MIN,2021-11-03 09:10:00,72.6
10MIN,2021-11-03 09:20:00,72.35
10MIN,2021-11-03 09:30:00,72.4
10MIN,2021-11-03 09:40:00,72.25
10MIN,2021-11-03 09:50:00,72.175
10MIN,2021-11-03 10:00:00,72.5
10MIN,2021-11-03 10:10:00,72.6
10MIN,2021-11-03 10:20:00,72.6
10MIN,2021-11-03 10:30:00,73.2
10MIN,2021-11-03 10:40:00,73.35
10MIN,2021-11-03 10:50:00,72.875
10MIN,2021-11-03 11:00:00,73.025
10MIN,2021-11-03 11:10:00,72.9
10MIN,2021-11-03 11:20:00,73.6
10MIN,2021-11-03 11:30:00,73.6
10MIN,2021-11-03 11:40:00,73.675
10MIN,2021-11-03 11:50:00,73.7
10MIN,2021-11-03 12:00:00,74.3
10MIN,2021-11-03 12:10:00,74.775
10MIN,2021-11-03 12:20:00,74.25
10MIN,2021-11-03 12:30:00,74.025
10MIN,2021-11-03 12:40:00,73.775
10MIN,2021-11-03 12:50:00,73.85
10MIN,2021-11-03 13:00:00,74.5
10MIN,2021-11-03 13:10:00,74.5
10MIN,2021-11-03 13:20:00,75.85
10MIN,2021-11-03 13:30:00,76.45
10MIN,2021-11-03 13:40:00,77.65
10MIN,2021-11-03 13:50:00,78
10MIN,2021-11-03 14:00:00,75.5
10MIN,2021-11-03 14:10:00,76
10MIN,2021-11-03 14:20:00,76.5
10MIN,2021-11-03 14:30:00,75.9
10MIN,2021-11-03 14:40:00,76.25
10MIN,2021-11-03 14:50:00,76.25
10MIN,2021-11-03 15:00:00,76.1
10MIN,2021-11-03 15:10:00,76.95
10MIN,2021-11-03 15:20:00,76
10MIN,2021-11-03 15:30:00,76.65
10MIN,2021-11-03 15:40:00,76.55
10MIN,2021-11-03 15:50:00,76.6
10MIN,2021-11-03 16:00:00,75.625
10MIN,2021-11-03 16:10:00,76.85
10MIN,2021-11-03 16:20:00,78.4
10MIN,2021-11-03 16:30:00,78
10MIN,2021-11-03 16:40:00,77.75
10MIN,2021-11-03 16:50:00,78.475
10MIN,2021-11-04 07:00:00,75.9
10MIN,2021-11-04 07:10:00,NULL
10MIN,2021-11-04 07:20:00,75.9
10MIN,2021-11-04 07:30:00,76
10MIN,2021-11-04 07:40:00,74.125
10MIN,2021-11-04 07:50:00,75.5
10MIN,2021-11-04 08:00:00,76.75
10MIN,2021-11-04 08:10:00,78.7
10MIN,2021-11-04 08:20:00,NULL
10MIN,2021-11-04 08:30:00,78.55
10MIN,2021-11-04 08:40:00,78.825
10MIN,2021-11-04 08:50:00,78.3
10MIN,2021-11-04 09:00:00,78.1
10MIN,2021-11-04 09:10:00,77.55
10MIN,2021-11-04 09:20:00,76.5
10MIN,2021-11-04 09:30:00,76.825
10MIN,2021-11-04 09:40:00,77
10MIN,2021-11-04 09:50:00,77.2
10MIN,2021-11-04 10:00:00,77.25
10MIN,2021-11-04 10:10:00,77.275
10MIN,2021-11-04 10:20:00,76.6
10MIN,2021-11-04 10:30:00,76.7
10MIN,2021-11-04 10:40:00,76.825
10MIN,2021-11-04 10:50:00,76.925
10MIN,2021-11-04 11:00:00,76.7
10MIN,2021-11-04 11:10:00,76.1
10MIN,2021-11-04 11:20:00,76
10MIN,2021-11-04 11:30:00,75.5
10MIN,2021-11-04 11:40:00,75.45
10MIN,2021-11-04 11:50:00,75.35
10MIN,2021-11-04 12:00:00,75.575
10MIN,2021-11-04 12:10:00,74
10MIN,2021-11-04 12:20:00,72.5
10MIN,2021-11-04 12:30:00,73.975
10MIN,2021-11-04 12:40:00,73.9
10MIN,2021-11-04 12:50:00,73.575
10MIN,2021-11-04 13:00:00,74.35
10MIN,2021-11-04 13:10:00,74
10MIN,2021-11-04 13:20:00,73.3
10MIN,2021-11-04 13:30:00,73.1
10MIN,2021-11-04 13:40:00,73.4
10MIN,2021-11-04 13:50:00,73.375
10MIN,2021-11-04 14:00:00,72
10MIN,2021-11-04 14:10:00,72.925
10MIN,2021-11-04 14:20:00,74.125
10MIN,2021-11-04 14:30:00,74.35
10MIN,2021-11-04 14:40:00,74.5
10MIN,2021-11-04 14:50:00,74.65
10MIN,2021-11-04 15:00:00,74.55
10MIN,2021-11-04 15:10:00,74.6
10MIN,2021-11-04 15:20:00,74.825
10MIN,2021-11-04 15:30:00,73.15
10MIN,2021-11-04 15:40:00,72.675
10MIN,2021-11-04 15:50:00,72.8
10MIN,2021-11-04 16:00:00,72.925
10MIN,2021-11-04 16:10:00,71.5
10MIN,2021-11-04 16:20:00,72.575
10MIN,2021-11-04 16:30:00,71.725
10MIN,2021-11-04 16:40:00,72
10MIN,2021-11-04 16:50:00,72.225
10MIN,2021-11-05 07:00:00,NULL
10MIN,2021-11-05 07:10:00,NULL
10MIN,2021-11-05 07:20:00,NULL
10MIN,2021-11-05 07:30:00,NULL
10MIN,2021-11-05 07:40:00,NULL
10MIN,2021-11-05 07:50:00,NULL
10MIN,2021-11-05 08:00:00,75.5
10MIN,2021-11-05 08:10:00,76
10MIN,2021-11-05 08:20:00,76.2
10MIN,2021-11-05 08:30:00,76.425
10MIN,2021-11-05 08:40:00,75.8
10MIN,2021-11-05 08:50:00,75.8
10MIN,2021-11-05 09:00:00,75.75
10MIN,2021-11-05 09:10:00,75.6
10MIN,2021-11-05 09:20:00,75.2
10MIN,2021-11-05 09:30:00,73.5
10MIN,2021-11-05 09:40:00,73.65
10MIN,2021-11-05 09:50:00,73.775
10MIN,2021-11-05 10:00:00,73
10MIN,2021-11-05 10:10:00,72.8
10MIN,2021-11-05 10:20:00,73.15
10MIN,2021-11-05 10:30:00,73.3
10MIN,2021-11-05 10:40:00,73.3
10MIN,2021-11-05 10:50:00,73.3
10MIN,2021-11-05 11:00:00,73.325
10MIN,2021-11-05 11:10:00,73.3
10MIN,2021-11-05 11:20:00,73
10MIN,2021-11-05 11:30:00,72.8
10MIN,2021-11-05 11:40:00,73.025
10MIN,2021-11-05 11:50:00,73
10MIN,2021-11-05 12:00:00,72.8
10MIN,2021-11-05 12:10:00,72.525
10MIN,2021-11-05 12:20:00,71.5
10MIN,2021-11-05 12:30:00,71.8
10MIN,2021-11-05 12:40:00,71.7
10MIN,2021-11-05 12:50:00,71.55
10MIN,2021-11-05 13:00:00,72.2
10MIN,2021-11-05 13:10:00,72.4
10MIN,2021-11-05 13:20:00,72.275
10MIN,2021-11-05 13:30:00,71.95
10MIN,2021-11-05 13:40:00,72
10MIN,2021-11-05 13:50:00,71.975
10MIN,2021-11-05 14:00:00,72.1
10MIN,2021-11-05 14:10:00,72.125
10MIN,2021-11-05 14:20:00,72.1
10MIN,2021-11-05 14:30:00,72.05
10MIN,2021-11-05 14:40:00,72.475
10MIN,2021-11-05 14:50:00,72.625
10MIN,2021-11-05 15:00:00,74
10MIN,2021-11-05 15:10:00,73.65
10MIN,2021-11-05 15:20:00,72.75
10MIN,2021-11-05 15:30:00,73.5
10MIN,2021-11-05 15:40:00,73.225
10MIN,2021-11-05 15:50:00,73
10MIN,2021-11-05 16:00:00,72.6
10MIN,2021-11-05 16:10:00,73.325
10MIN,2021-11-05 16:20:00,73.2
10MIN,2021-11-05 16:30:00,72.3
10MIN,2021-11-05 16:40:00,72.5
10MIN,2021-11-05 16:50:00,72.65
10MIN,2021-11-08 07:00:00,NULL
10MIN,2021-11-08 07:10:00,78
10MIN,2021-11-08 07:20:00,78.475
10MIN,2021-11-08 07:30:00,79.8
10MIN,2021-11-08 07:40:00,80
10MIN,2021-11-08 07:50:00,NULL
10MIN,2021-11-08 08:00:00,79.5
10MIN,2021-11-08 08:10:00,NULL
10MIN,2021-11-08 08:20:00,78.5
10MIN,2021-11-08 08:30:00,79.9
10MIN,2021-11-08 08:40:00,79
10MIN,2021-11-08 08:50:00,78.5
10MIN,2021-11-08 09:00:00,78.2
10MIN,2021-11-08 09:10:00,76.675
10MIN,2021-11-08 09:20:00,77.525
10MIN,2021-11-08 09:30:00,76.925
10MIN,2021-11-08 09:40:00,75.75
10MIN,2021-11-08 09:50:00,75.8
10MIN,2021-11-08 10:00:00,75.55
10MIN,2021-11-08 10:10:00,76.25
10MIN,2021-11-08 10:20:00,77.025
10MIN,2021-11-08 10:30:00,76.75
10MIN,2021-11-08 10:40:00,76.625
10MIN,2021-11-08 10:50:00,76.5
10MIN,2021-11-08 11:00:00,76.2
10MIN,2021-11-08 11:10:00,76.25
10MIN,2021-11-08 11:20:00,76
10MIN,2021-11-08 11:30:00,76.25
10MIN,2021-11-08 11:40:00,76.3
10MIN,2021-11-08 11:50:00,76
10MIN,2021-11-08 12:00:00,76
10MIN,2021-11-08 12:10:00,76
10MIN,2021-11-08 12:20:00,75.875
10MIN,2021-11-08 12:30:00,75.675
10MIN,2021-11-08 12:40:00,75.7
10MIN,2021-11-08 12:50:00,75.8
10MIN,2021-11-08 13:00:00,76.05
10MIN,2021-11-08 13:10:00,76.275
10MIN,2021-11-08 13:20:00,76
10MIN,2021-11-08 13:30:00,76.75
10MIN,2021-11-08 13:40:00,76.775
10MIN,2021-11-08 13:50:00,76.5
10MIN,2021-11-08 14:00:00,76.5
10MIN,2021-11-08 14:10:00,76.65
10MIN,2021-11-08 14:20:00,76.75
10MIN,2021-11-08 14:30:00,77.65
10MIN,2021-11-08 14:40:00,78.15
10MIN,2021-11-08 14:50:00,78.5
10MIN,2021-11-08 15:00:00,78.2
10MIN,2021-11-08 15:10:00,78.4
10MIN,2021-11-08 15:20:00,78.1
10MIN,2021-11-08 15:30:00,77.7
10MIN,2021-11-08 15:40:00,77
10MIN,2021-11-08 15:50:00,77.35
10MIN,2021-11-08 16:00:00,78.85
10MIN,2021-11-08 16:10:00,78.3
10MIN,2021-11-08 16:20:00,77.1
10MIN,2021-11-08 16:30:00,77.15
10MIN,2021-11-08 16:40:00,77.175
10MIN,2021-11-08 16:50:00,77.45
10MIN,2021-11-09 07:00:00,NULL
10MIN,2021-11-09 07:10:00,NULL
10MIN,2021-11-09 07:20:00,75
10MIN,2021-11-09 07:30:00,75
10MIN,2021-11-09 07:40:00,74
10MIN,2021-11-09 07:50:00,75.25
10MIN,2021-11-09 08:00:00,76
10MIN,2021-11-09 08:10:00,76
10MIN,2021-11-09 08:20:00,76.3
10MIN,2021-11-09 08:30:00,76
10MIN,2021-11-09 08:40:00,75.65
10MIN,2021-11-09 08:50:00,75.85
10MIN,2021-11-09 09:00:00,75.95
10MIN,2021-11-09 09:10:00,76.025
10MIN,2021-11-09 09:20:00,75.675
10MIN,2021-11-09 09:30:00,75.525
10MIN,2021-11-09 09:40:00,75.5
10MIN,2021-11-09 09:50:00,75.9
10MIN,2021-11-09 10:00:00,75.9
10MIN,2021-11-09 10:10:00,76.55
10MIN,2021-11-09 10:20:00,76.475
10MIN,2021-11-09 10:30:00,76.75
10MIN,2021-11-09 10:40:00,77
10MIN,2021-11-09 10:50:00,77.125
10MIN,2021-11-09 11:00:00,77
10MIN,2021-11-09 11:10:00,76.8
10MIN,2021-11-09 11:20:00,76.5
10MIN,2021-11-09 11:30:00,76.9
10MIN,2021-11-09 11:40:00,77.1
10MIN,2021-11-09 11:50:00,76.75
10MIN,2021-11-09 12:00:00,76.15
10MIN,2021-11-09 12:10:00,76.225
10MIN,2021-11-09 12:20:00,76.25
10MIN,2021-11-09 12:30:00,76.15
10MIN,2021-11-09 12:40:00,76
10MIN,2021-11-09 12:50:00,76
10MIN,2021-11-09 13:00:00,76.2
10MIN,2021-11-09 13:10:00,76.175
10MIN,2021-11-09 13:20:00,76.2
10MIN,2021-11-09 13:30:00,75.85
10MIN,2021-11-09 13:40:00,75.575
10MIN,2021-11-09 13:50:00,75.65
10MIN,2021-11-09 14:00:00,75.25
10MIN,2021-11-09 14:10:00,74.575
10MIN,2021-11-09 14:20:00,74.85
10MIN,2021-11-09 14:30:00,74.4
10MIN,2021-11-09 14:40:00,73.975
10MIN,2021-11-09 14:50:00,73.625
10MIN,2021-11-09 15:00:00,74.2
10MIN,2021-11-09 15:10:00,74.15
10MIN,2021-11-09 15:20:00,74.6
10MIN,2021-11-09 15:30:00,74.975
10MIN,2021-11-09 15:40:00,74.625
10MIN,2021-11-09 15:50:00,73.375
10MIN,2021-11-09 16:00:00,72.5
10MIN,2021-11-09 16:10:00,72.575
10MIN,2021-11-09 16:20:00,70.825
10MIN,2021-11-09 16:30:00,70.45
10MIN,2021-11-09 16:40:00,71
10MIN,2021-11-09 16:50:00,70.4
10MIN,2021-11-10 07:00:00,NULL
10MIN,2021-11-10 07:10:00,NULL
10MIN,2021-11-10 07:20:00,66.1
10MIN,2021-11-10 07:30:00,67
10MIN,2021-11-10 07:40:00,67.5
10MIN,2021-11-10 07:50:00,66.5
10MIN,2021-11-10 08:00:00,67.5
10MIN,2021-11-10 08:10:00,66.2
10MIN,2021-11-10 08:20:00,67.675
10MIN,2021-11-10 08:30:00,67.675
10MIN,2021-11-10 08:40:00,67.75
10MIN,2021-11-10 08:50:00,67.45
10MIN,2021-11-10 09:00:00,67.175
10MIN,2021-11-10 09:10:00,67.45
10MIN,2021-11-10 09:20:00,67
10MIN,2021-11-10 09:30:00,66.95
10MIN,2021-11-10 09:40:00,66.325
10MIN,2021-11-10 09:50:00,65.8
10MIN,2021-11-10 10:00:00,66.025
10MIN,2021-11-10 10:10:00,65.95
10MIN,2021-11-10 10:20:00,65.875
10MIN,2021-11-10 10:30:00,65.575
10MIN,2021-11-10 10:40:00,65.3
10MIN,2021-11-10 10:50:00,64.85
10MIN,2021-11-10 11:00:00,63.525
10MIN,2021-11-10 11:10:00,63.1
10MIN,2021-11-10 11:20:00,63.425
10MIN,2021-11-10 11:30:00,63.475
10MIN,2021-11-10 11:40:00,63.7
10MIN,2021-11-10 11:50:00,64.5
10MIN,2021-11-10 12:00:00,65.025
10MIN,2021-11-10 12:10:00,65
10MIN,2021-11-10 12:20:00,65.25
10MIN,2021-11-10 12:30:00,64.875
10MIN,2021-11-10 12:40:00,65.35
10MIN,2021-11-10 12:50:00,65.825
10MIN,2021-11-10 13:00:00,66.5
10MIN,2021-11-10 13:10:00,66.525
10MIN,2021-11-10 13:20:00,66.1
10MIN,2021-11-10 13:30:00,66.425
10MIN,2021-11-10 13:40:00,66.05
10MIN,2021-11-10 13:50:00,66
10MIN,2021-11-10 14:00:00,65.9
10MIN,2021-11-10 14:10:00,66.3
10MIN,2021-11-10 14:20:00,66.875
10MIN,2021-11-10 14:30:00,67
10MIN,2021-11-10 14:40:00,67.3
10MIN,2021-11-10 14:50:00,68.1
10MIN,2021-11-10 15:00:00,67.9
10MIN,2021-11-10 15:10:00,67.975
10MIN,2021-11-10 15:20:00,67.425
10MIN,2021-11-10 15:30:00,68.35
10MIN,2021-11-10 15:40:00,68.725
10MIN,2021-11-10 15:50:00,67.525
10MIN,2021-11-10 16:00:00,69.4
10MIN,2021-11-10 16:10:00,69.35
10MIN,2021-11-10 16:20:00,70
10MIN,2021-11-10 16:30:00,70.175
10MIN,2021-11-10 16:40:00,70.2
10MIN,2021-11-10 16:50:00,70.475
10MIN,2021-11-11 07:00:00,NULL
10MIN,2021-11-11 07:10:00,NULL
10MIN,2021-11-11 07:20:00,72.25
10MIN,2021-11-11 07:30:00,NULL
10MIN,2021-11-11 07:40:00,NULL
10MIN,2021-11-11 07:50:00,NULL
10MIN,2021-11-11 08:00:00,71.25
10MIN,2021-11-11 08:10:00,71.5
10MIN,2021-11-11 08:20:00,71.75
10MIN,2021-11-11 08:30:00,71.9
10MIN,2021-11-11 08:40:00,70.675
10MIN,2021-11-11 08:50:00,70.425
10MIN,2021-11-11 09:00:00,69.175
10MIN,2021-11-11 09:10:00,69.65
10MIN,2021-11-11 09:20:00,69.75
10MIN,2021-11-11 09:30:00,69.275
10MIN,2021-11-11 09:40:00,69.5
10MIN,2021-11-11 09:50:00,69.7
10MIN,2021-11-11 10:00:00,71.225
10MIN,2021-11-11 10:10:00,69.9
10MIN,2021-11-11 10:20:00,70.5
10MIN,2021-11-11 10:30:00,70.45
10MIN,2021-11-11 10:40:00,70.475
10MIN,2021-11-11 10:50:00,70.75
10MIN,2021-11-11 11:00:00,70.625
10MIN,2021-11-11 11:10:00,70.55
10MIN,2021-11-11 11:20:00,70.55
10MIN,2021-11-11 11:30:00,70.725
10MIN,2021-11-11 11:40:00,71.15
10MIN,2021-11-11 11:50:00,71
10MIN,2021-11-11 12:00:00,70.85
10MIN,2021-11-11 12:10:00,70.875
10MIN,2021-11-11 12:20:00,70.875
10MIN,2021-11-11 12:30:00,70.875
10MIN,2021-11-11 12:40:00,71.35
10MIN,2021-11-11 12:50:00,72
10MIN,2021-11-11 13:00:00,71.75
10MIN,2021-11-11 13:10:00,72.05
10MIN,2021-11-11 13:20:00,72.5
10MIN,2021-11-11 13:30:00,72.6
10MIN,2021-11-11 13:40:00,72.625
10MIN,2021-11-11 13:50:00,72.25
10MIN,2021-11-11 14:00:00,71.825
10MIN,2021-11-11 14:10:00,71.6
10MIN,2021-11-11 14:20:00,71.075
10MIN,2021-11-11 14:30:00,71.225
10MIN,2021-11-11 14:40:00,71.425
10MIN,2021-11-11 14:50:00,72
10MIN,2021-11-11 15:00:00,72.6
10MIN,2021-11-11 15:10:00,72.325
10MIN,2021-11-11 15:20:00,73
10MIN,2021-11-11 15:30:00,72.8
10MIN,2021-11-11 15:40:00,72.575
10MIN,2021-11-11 15:50:00,72.7
10MIN,2021-11-11 16:00:00,74.3
10MIN,2021-11-11 16:10:00,73.575
10MIN,2021-11-11 16:20:00,74
10MIN,2021-11-11 16:30:00,74.25
10MIN,2021-11-11 16:40:00,74.5
10MIN,2021-11-11 16:50:00,74.975
10MIN,2021-11-12 07:00:00,NULL
10MIN,2021-11-12 07:10:00,79.3
10MIN,2021-11-12 07:20:00,NULL
10MIN,2021-11-12 07:30:00,NULL
10MIN,2021-11-12 07:40:00,77.5
10MIN,2021-11-12 07:50:00,77.45
10MIN,2021-11-12 08:00:00,76.4
10MIN,2021-11-12 08:10:00,NULL
10MIN,2021-11-12 08:20:00,76.725
10MIN,2021-11-12 08:30:00,76.6
10MIN,2021-11-12 08:40:00,76.9
10MIN,2021-11-12 08:50:00,76.75
10MIN,2021-11-12 09:00:00,77.275
10MIN,2021-11-12 09:10:00,76.45
10MIN,2021-11-12 09:20:00,76.45
10MIN,2021-11-12 09:30:00,75.4
10MIN,2021-11-12 09:40:00,75.4
10MIN,2021-11-12 09:50:00,75.1
10MIN,2021-11-12 10:00:00,75.2
10MIN,2021-11-12 10:10:00,74.65
10MIN,2021-11-12 10:20:00,74.9
10MIN,2021-11-12 10:30:00,74.275
10MIN,2021-11-12 10:40:00,74.4
10MIN,2021-11-12 10:50:00,74.1
10MIN,2021-11-12 11:00:00,73.8
10MIN,2021-11-12 11:10:00,73.85
10MIN,2021-11-12 11:20:00,73.8
10MIN,2021-11-12 11:30:00,73.625
10MIN,2021-11-12 11:40:00,73.5
10MIN,2021-11-12 11:50:00,73.675
10MIN,2021-11-12 12:00:00,73.75
10MIN,2021-11-12 12:10:00,74.125
10MIN,2021-11-12 12:20:00,74.25
10MIN,2021-11-12 12:30:00,74.425
10MIN,2021-11-12 12:40:00,74.575
10MIN,2021-11-12 12:50:00,75.725
10MIN,2021-11-12 13:00:00,75.45
10MIN,2021-11-12 13:10:00,74.925
10MIN,2021-11-12 13:20:00,75.175
10MIN,2021-11-12 13:30:00,75.25
10MIN,2021-11-12 13:40:00,75.25
10MIN,2021-11-12 13:50:00,75.2
10MIN,2021-11-12 14:00:00,75.4
10MIN,2021-11-12 14:10:00,75.475
10MIN,2021-11-12 14:20:00,75.55
10MIN,2021-11-12 14:30:00,76
10MIN,2021-11-12 14:40:00,76.35
10MIN,2021-11-12 14:50:00,76.3
10MIN,2021-11-12 15:00:00,75.8
10MIN,2021-11-12 15:10:00,75.4
10MIN,2021-11-12 15:20:00,75.2
10MIN,2021-11-12 15:30:00,74.2
10MIN,2021-11-12 15:40:00,74.325
10MIN,2021-11-12 15:50:00,74.475
10MIN,2021-11-12 16:00:00,74.525
10MIN,2021-11-12 16:10:00,74
10MIN,2021-11-12 16:20:00,72.75
10MIN,2021-11-12 16:30:00,74.1
10MIN,2021-11-12 16:40:00,73.55
10MIN,2021-11-12 16:50:00,73.975
10MIN,2021-11-15 07:00:00,NULL
10MIN,2021-11-15 07:10:00,NULL
10MIN,2021-11-15 07:20:00,NULL
10MIN,2021-11-15 07:30:00,NULL
10MIN,2021-11-15 07:40:00,78
10MIN,2021-11-15 07:50:00,78.5
10MIN,2021-11-15 08:00:00,78
10MIN,2021-11-15 08:10:00,77.15
10MIN,2021-11-15 08:20:00,77.975
10MIN,2021-11-15 08:30:00,78.225
10MIN,2021-11-15 08:40:00,78.225
10MIN,2021-11-15 08:50:00,79.4
10MIN,2021-11-15 09:00:00,79.4
10MIN,2021-11-15 09:10:00,78.6
10MIN,2021-11-15 09:20:00,78.3
10MIN,2021-11-15 09:30:00,78.175
10MIN,2021-11-15 09:40:00,78.2
10MIN,2021-11-15 09:50:00,78.15
10MIN,2021-11-15 10:00:00,77.9
10MIN,2021-11-15 10:10:00,77.9
10MIN,2021-11-15 10:20:00,77.925
10MIN,2021-11-15 10:30:00,78.1
10MIN,2021-11-15 10:40:00,78
10MIN,2021-11-15 10:50:00,77.975
10MIN,2021-11-15 11:00:00,79.95
10MIN,2021-11-15 11:10:00,79
10MIN,2021-11-15 11:20:00,79
10MIN,2021-11-15 11:30:00,78.55
10MIN,2021-11-15 11:40:00,78.425
10MIN,2021-11-15 11:50:00,78.625
10MIN,2021-11-15 12:00:00,78.9
10MIN,2021-11-15 12:10:00,79.125
10MIN,2021-11-15 12:20:00,79.05
10MIN,2021-11-15 12:30:00,79
10MIN,2021-11-15 12:40:00,79.375
10MIN,2021-11-15 12:50:00,79.35
10MIN,2021-11-15 13:00:00,79.675
10MIN,2021-11-15 13:10:00,79.95
10MIN,2021-11-15 13:20:00,79.125
10MIN,2021-11-15 13:30:00,78.65
10MIN,2021-11-15 13:40:00,78.6
10MIN,2021-11-15 13:50:00,78.7
10MIN,2021-11-15 14:00:00,79.025
10MIN,2021-11-15 14:10:00,78.675
10MIN,2021-11-15 14:20:00,78.775
10MIN,2021-11-15 14:30:00,78.55
10MIN,2021-11-15 14:40:00,78.6
10MIN,2021-11-15 14:50:00,78.6
10MIN,2021-11-15 15:00:00,78.975
10MIN,2021-11-15 15:10:00,78.675
10MIN,2021-11-15 15:20:00,78.925
10MIN,2021-11-15 15:30:00,79.4
10MIN,2021-11-15 15:40:00,79.85
10MIN,2021-11-15 15:50:00,79.6
10MIN,2021-11-15 16:00:00,79.55
10MIN,2021-11-15 16:10:00,79.675
10MIN,2021-11-15 16:20:00,79.55
10MIN,2021-11-15 16:30:00,79.85
10MIN,2021-11-15 16:40:00,80.5
10MIN,2021-11-15 16:50:00,80.5
10MIN,2021-11-16 07:00:00,NULL
10MIN,2021-11-16 07:10:00,NULL
10MIN,2021-11-16 07:20:00,82.875
10MIN,2021-11-16 07:30:00,NULL
10MIN,2021-11-16 07:40:00,82.725
10MIN,2021-11-16 07:50:00,NULL
10MIN,2021-11-16 08:00:00,82.95
10MIN,2021-11-16 08:10:00,83.75
10MIN,2021-11-16 08:20:00,83.75
10MIN,2021-11-16 08:30:00,83.75
10MIN,2021-11-16 08:40:00,83.7
10MIN,2021-11-16 08:50:00,83.75
10MIN,2021-11-16 09:00:00,83.3
10MIN,2021-11-16 09:10:00,83.375
10MIN,2021-11-16 09:20:00,83.475
10MIN,2021-11-16 09:30:00,87.4
10MIN,2021-11-16 09:40:00,87.025
10MIN,2021-11-16 09:50:00,87.2
10MIN,2021-11-16 10:00:00,88
10MIN,2021-11-16 10:10:00,87.65
10MIN,2021-11-16 10:20:00,87
10MIN,2021-11-16 10:30:00,87.025
10MIN,2021-11-16 10:40:00,87
10MIN,2021-11-16 10:50:00,86.8
10MIN,2021-11-16 11:00:00,86.75
10MIN,2021-11-16 11:10:00,86.7
10MIN,2021-11-16 11:20:00,86.9
10MIN,2021-11-16 11:30:00,87.025
10MIN,2021-11-16 11:40:00,87.2
10MIN,2021-11-16 11:50:00,87.2
10MIN,2021-11-16 12:00:00,87.15
10MIN,2021-11-16 12:10:00,87.4
10MIN,2021-11-16 12:20:00,87.575
10MIN,2021-11-16 12:30:00,87.35
10MIN,2021-11-16 12:40:00,87.4
10MIN,2021-11-16 12:50:00,87.325
10MIN,2021-11-16 13:00:00,87.2
10MIN,2021-11-16 13:10:00,87.15
10MIN,2021-11-16 13:20:00,87.15
10MIN,2021-11-16 13:30:00,87.675
10MIN,2021-11-16 13:40:00,87.5
10MIN,2021-11-16 13:50:00,87.65
10MIN,2021-11-16 14:00:00,87.575
10MIN,2021-11-16 14:10:00,87.625
10MIN,2021-11-16 14:20:00,87.7
10MIN,2021-11-16 14:30:00,88.125
10MIN,2021-11-16 14:40:00,88.275
10MIN,2021-11-16 14:50:00,88.65
10MIN,2021-11-16 15:00:00,88.45
10MIN,2021-11-16 15:10:00,89.65
10MIN,2021-11-16 15:20:00,89.975
10MIN,2021-11-16 15:30:00,91
10MIN,2021-11-16 15:40:00,92
10MIN,2021-11-16 15:50:00,91.6
10MIN,2021-11-16 16:00:00,93.4
10MIN,2021-11-16 16:10:00,93.525
10MIN,2021-11-16 16:20:00,93.6
10MIN,2021-11-16 16:30:00,93.525
10MIN,2021-11-16 16:40:00,93.5
10MIN,2021-11-16 16:50:00,94.4
10MIN,2021-11-17 07:00:00,NULL
10MIN,2021-11-17 07:10:00,98
10MIN,2021-11-17 07:20:00,99.25
10MIN,2021-11-17 07:30:00,98.25
10MIN,2021-11-17 07:40:00,NULL
10MIN,2021-11-17 07:50:00,97.75
10MIN,2021-11-17 08:00:00,97.25
10MIN,2021-11-17 08:10:00,97
10MIN,2021-11-17 08:20:00,97.75
10MIN,2021-11-17 08:30:00,98
10MIN,2021-11-17 08:40:00,97.65
10MIN,2021-11-17 08:50:00,97.5
10MIN,2021-11-17 09:00:00,97.175
10MIN,2021-11-17 09:10:00,97.4
10MIN,2021-11-17 09:20:00,97.675
10MIN,2021-11-17 09:30:00,100.5
10MIN,2021-11-17 09:40:00,99.875
10MIN,2021-11-17 09:50:00,100.775
10MIN,2021-11-17 10:00:00,100.075
10MIN,2021-11-17 10:10:00,100.125
10MIN,2021-11-17 10:20:00,99.8
10MIN,2021-11-17 10:30:00,99.7
10MIN,2021-11-17 10:40:00,98.825
10MIN,2021-11-17 10:50:00,99
10MIN,2021-11-17 11:00:00,98.8
10MIN,2021-11-17 11:10:00,99.05
10MIN,2021-11-17 11:20:00,99.125
10MIN,2021-11-17 11:30:00,99.4
10MIN,2021-11-17 11:40:00,99.25
10MIN,2021-11-17 11:50:00,98.85
10MIN,2021-11-17 12:00:00,98.4
10MIN,2021-11-17 12:10:00,98
10MIN,2021-11-17 12:20:00,98.175
10MIN,2021-11-17 12:30:00,98.15
10MIN,2021-11-17 12:40:00,98.3
10MIN,2021-11-17 12:50:00,99
10MIN,2021-11-17 13:00:00,99.725
10MIN,2021-11-17 13:10:00,99.9
10MIN,2021-11-17 13:20:00,100.35
10MIN,2021-11-17 13:30:00,100.325
10MIN,2021-11-17 13:40:00,99.725
10MIN,2021-11-17 13:50:00,99.35
10MIN,2021-11-17 14:00:00,99.95
10MIN,2021-11-17 14:10:00,99.9
10MIN,2021-11-17 14:20:00,99.8
10MIN,2021-11-17 14:30:00,99.75
10MIN,2021-11-17 14:40:00,99.225
10MIN,2021-11-17 14:50:00,99.65
10MIN,2021-11-17 15:00:00,99.625
10MIN,2021-11-17 15:10:00,99.725
10MIN,2021-11-17 15:20:00,99.65
10MIN,2021-11-17 15:30:00,98
10MIN,2021-11-17 15:40:00,98.275
10MIN,2021-11-17 15:50:00,95.75
10MIN,2021-11-17 16:00:00,93.675
10MIN,2021-11-17 16:10:00,94
10MIN,2021-11-17 16:20:00,93.1
10MIN,2021-11-17 16:30:00,93.025
10MIN,2021-11-17 16:40:00,93.075
10MIN,2021-11-17 16:50:00,94.3
10MIN,2021-11-18 07:00:00,NULL
10MIN,2021-11-18 07:10:00,92.5
10MIN,2021-11-18 07:20:00,93.5
10MIN,2021-11-18 07:30:00,93.6
10MIN,2021-11-18 07:40:00,NULL
10MIN,2021-11-18 07:50:00,92.45
10MIN,2021-11-18 08:00:00,92.3
10MIN,2021-11-18 08:10:00,93.475
10MIN,2021-11-18 08:20:00,92.875
10MIN,2021-11-18 08:30:00,93.2
10MIN,2021-11-18 08:40:00,93.6
10MIN,2021-11-18 08:50:00,93.05
10MIN,2021-11-18 09:00:00,92.7
10MIN,2021-11-18 09:10:00,92.275
10MIN,2021-11-18 09:20:00,91.4
10MIN,2021-11-18 09:30:00,91.25
10MIN,2021-11-18 09:40:00,90.35
10MIN,2021-11-18 09:50:00,90.8
10MIN,2021-11-18 10:00:00,91
10MIN,2021-11-18 10:10:00,91.2
10MIN,2021-11-18 10:20:00,91.25
10MIN,2021-11-18 10:30:00,91
10MIN,2021-11-18 10:40:00,91.3
10MIN,2021-11-18 10:50:00,91.4
10MIN,2021-11-18 11:00:00,91.775
10MIN,2021-11-18 11:10:00,92
10MIN,2021-11-18 11:20:00,91.9
10MIN,2021-11-18 11:30:00,91.85
10MIN,2021-11-18 11:40:00,91.65
10MIN,2021-11-18 11:50:00,91.525
10MIN,2021-11-18 12:00:00,91.4
10MIN,2021-11-18 12:10:00,91.1
10MIN,2021-11-18 12:20:00,91.275
10MIN,2021-11-18 12:30:00,91.35
10MIN,2021-11-18 12:40:00,91.3
10MIN,2021-11-18 12:50:00,91.9
10MIN,2021-11-18 13:00:00,92.2
10MIN,2021-11-18 13:10:00,92.35
10MIN,2021-11-18 13:20:00,92.15
10MIN,2021-11-18 13:30:00,92.5
10MIN,2021-11-18 13:40:00,92.825
10MIN,2021-11-18 13:50:00,92.775
10MIN,2021-11-18 14:00:00,92.5
10MIN,2021-11-18 14:10:00,92.7
10MIN,2021-11-18 14:20:00,92.85
10MIN,2021-11-18 14:30:00,92.8
10MIN,2021-11-18 14:40:00,93.05
10MIN,2021-11-18 14:50:00,93.7
10MIN,2021-11-18 15:00:00,94.2
10MIN,2021-11-18 15:10:00,93.8
10MIN,2021-11-18 15:20:00,93.95
10MIN,2021-11-18 15:30:00,93.3
10MIN,2021-11-18 15:40:00,93.775
10MIN,2021-11-18 15:50:00,94.25
10MIN,2021-11-18 16:00:00,93.9
10MIN,2021-11-18 16:10:00,93.85
10MIN,2021-11-18 16:20:00,91.55
10MIN,2021-11-18 16:30:00,90.775
10MIN,2021-11-18 16:40:00,91.5
10MIN,2021-11-18 16:50:00,91.6
10MIN,2021-11-19 07:00:00,NULL
10MIN,2021-11-19 07:10:00,NULL
10MIN,2021-11-19 07:20:00,NULL
10MIN,2021-11-19 07:30:00,NULL
10MIN,2021-11-19 07:40:00,NULL
10MIN,2021-11-19 07:50:00,NULL
10MIN,2021-11-19 08:00:00,89.475
10MIN,2021-11-19 08:10:00,90.05
10MIN,2021-11-19 08:20:00,90.3
10MIN,2021-11-19 08:30:00,90.2
10MIN,2021-11-19 08:40:00,90
10MIN,2021-11-19 08:50:00,90.5
10MIN,2021-11-19 09:00:00,90.525
10MIN,2021-11-19 09:10:00,90.4
10MIN,2021-11-19 09:20:00,90.5
10MIN,2021-11-19 09:30:00,89.475
10MIN,2021-11-19 09:40:00,88.8
10MIN,2021-11-19 09:50:00,89.025
10MIN,2021-11-19 10:00:00,87.925
10MIN,2021-11-19 10:10:00,88.575
10MIN,2021-11-19 10:20:00,88.95
10MIN,2021-11-19 10:30:00,88.675
10MIN,2021-11-19 10:40:00,88.875
10MIN,2021-11-19 10:50:00,89.375
10MIN,2021-11-19 11:00:00,89.025
10MIN,2021-11-19 11:10:00,89.2
10MIN,2021-11-19 11:20:00,89.05
10MIN,2021-11-19 11:30:00,88.575
10MIN,2021-11-19 11:40:00,88.6
10MIN,2021-11-19 11:50:00,88.3
10MIN,2021-11-19 12:00:00,88.3
10MIN,2021-11-19 12:10:00,87.95
10MIN,2021-11-19 12:20:00,87.95
10MIN,2021-11-19 12:30:00,88.075
10MIN,2021-11-19 12:40:00,88.1
10MIN,2021-11-19 12:50:00,88.05
10MIN,2021-11-19 13:00:00,88.1
10MIN,2021-11-19 13:10:00,88.025
10MIN,2021-11-19 13:20:00,88.5
10MIN,2021-11-19 13:30:00,88.5
10MIN,2021-11-19 13:40:00,88.3
10MIN,2021-11-19 13:50:00,88.425
10MIN,2021-11-19 14:00:00,88.325
10MIN,2021-11-19 14:10:00,88.425
10MIN,2021-11-19 14:20:00,88.5
10MIN,2021-11-19 14:30:00,87.2
10MIN,2021-11-19 14:40:00,85.6
10MIN,2021-11-19 14:50:00,86.8
10MIN,2021-11-19 15:00:00,86.5
10MIN,2021-11-19 15:10:00,85.85
10MIN,2021-11-19 15:20:00,86.05
10MIN,2021-11-19 15:30:00,87.1
10MIN,2021-11-19 15:40:00,86.6
10MIN,2021-11-19 15:50:00,86.475
10MIN,2021-11-19 16:00:00,86.825
10MIN,2021-11-19 16:10:00,87.75
10MIN,2021-11-19 16:20:00,86.475
10MIN,2021-11-19 16:30:00,86.5
10MIN,2021-11-19 16:40:00,86.3
10MIN,2021-11-19 16:50:00,86.1
10MIN,2021-11-22 07:00:00,NULL
10MIN,2021-11-22 07:10:00,85.7
10MIN,2021-11-22 07:20:00,85.5
10MIN,2021-11-22 07:30:00,86.525
10MIN,2021-11-22 07:40:00,85.5
10MIN,2021-11-22 07:50:00,86.25
10MIN,2021-11-22 08:00:00,87.1
10MIN,2021-11-22 08:10:00,86.5
10MIN,2021-11-22 08:20:00,86.8
10MIN,2021-11-22 08:30:00,86.8
10MIN,2021-11-22 08:40:00,86.55
10MIN,2021-11-22 08:50:00,85.6
10MIN,2021-11-22 09:00:00,83.4
10MIN,2021-11-22 09:10:00,83.85
10MIN,2021-11-22 09:20:00,83
10MIN,2021-11-22 09:30:00,82.05
10MIN,2021-11-22 09:40:00,81.975
10MIN,2021-11-22 09:50:00,82
10MIN,2021-11-22 10:00:00,82.6
10MIN,2021-11-22 10:10:00,82.475
10MIN,2021-11-22 10:20:00,82.275
10MIN,2021-11-22 10:30:00,82.2
10MIN,2021-11-22 10:40:00,82.775
10MIN,2021-11-22 10:50:00,82.825
10MIN,2021-11-22 11:00:00,82.875
10MIN,2021-11-22 11:10:00,82.7
10MIN,2021-11-22 11:20:00,82.6
10MIN,2021-11-22 11:30:00,83.325
10MIN,2021-11-22 11:40:00,83.9
10MIN,2021-11-22 11:50:00,83.875
10MIN,2021-11-22 12:00:00,84.1
10MIN,2021-11-22 12:10:00,84.25
10MIN,2021-11-22 12:20:00,84.2
10MIN,2021-11-22 12:30:00,84.4
10MIN,2021-11-22 12:40:00,84.575
10MIN,2021-11-22 12:50:00,85.05
10MIN,2021-11-22 13:00:00,85.225
10MIN,2021-11-22 13:10:00,85.475
10MIN,2021-11-22 13:20:00,85.2
10MIN,2021-11-22 13:30:00,85
10MIN,2021-11-22 13:40:00,85.05
10MIN,2021-11-22 13:50:00,85.3
10MIN,2021-11-22 14:00:00,85.775
10MIN,2021-11-22 14:10:00,85.1
10MIN,2021-11-22 14:20:00,85.625
10MIN,2021-11-22 14:30:00,85.7
10MIN,2021-11-22 14:40:00,85.4
10MIN,2021-11-22 14:50:00,85.625
10MIN,2021-11-22 15:00:00,85.5
10MIN,2021-11-22 15:10:00,85.125
10MIN,2021-11-22 15:20:00,84
10MIN,2021-11-22 15:30:00,84.2
10MIN,2021-11-22 15:40:00,85
10MIN,2021-11-22 15:50:00,85.85
10MIN,2021-11-22 16:00:00,84
10MIN,2021-11-22 16:10:00,84.3
10MIN,2021-11-22 16:20:00,83.95
10MIN,2021-11-22 16:30:00,84.4
10MIN,2021-11-22 16:40:00,84.45
10MIN,2021-11-22 16:50:00,84.5
10MIN,2021-11-23 07:00:00,NULL
10MIN,2021-11-23 07:10:00,NULL
10MIN,2021-11-23 07:20:00,NULL
10MIN,2021-11-23 07:30:00,NULL
10MIN,2021-11-23 07:40:00,84.425
10MIN,2021-11-23 07:50:00,84.725
10MIN,2021-11-23 08:00:00,85
10MIN,2021-11-23 08:10:00,85.75
10MIN,2021-11-23 08:20:00,86
10MIN,2021-11-23 08:30:00,87
10MIN,2021-11-23 08:40:00,86.85
10MIN,2021-11-23 08:50:00,87.125
10MIN,2021-11-23 09:00:00,87.85
10MIN,2021-11-23 09:10:00,88.475
10MIN,2021-11-23 09:20:00,88.45
10MIN,2021-11-23 09:30:00,89.75
10MIN,2021-11-23 09:40:00,89.75
10MIN,2021-11-23 09:50:00,89.4
10MIN,2021-11-23 10:00:00,89.425
10MIN,2021-11-23 10:10:00,89.35
10MIN,2021-11-23 10:20:00,89.3
10MIN,2021-11-23 10:30:00,88.9
10MIN,2021-11-23 10:40:00,89
10MIN,2021-11-23 10:50:00,89.1
10MIN,2021-11-23 11:00:00,89.375
10MIN,2021-11-23 11:10:00,89.025
10MIN,2021-11-23 11:20:00,88.9
10MIN,2021-11-23 11:30:00,89.1
10MIN,2021-11-23 11:40:00,89.175
10MIN,2021-11-23 11:50:00,89.275
10MIN,2021-11-23 12:00:00,89.375
10MIN,2021-11-23 12:10:00,89.55
10MIN,2021-11-23 12:20:00,89.55
10MIN,2021-11-23 12:30:00,90
10MIN,2021-11-23 12:40:00,89.9
10MIN,2021-11-23 12:50:00,90.25
10MIN,2021-11-23 13:00:00,90.75
10MIN,2021-11-23 13:10:00,90.975
10MIN,2021-11-23 13:20:00,91.575
10MIN,2021-11-23 13:30:00,91.325
10MIN,2021-11-23 13:40:00,91.3
10MIN,2021-11-23 13:50:00,90.65
10MIN,2021-11-23 14:00:00,91
10MIN,2021-11-23 14:10:00,91.85
10MIN,2021-11-23 14:20:00,91.825
10MIN,2021-11-23 14:30:00,91.875
10MIN,2021-11-23 14:40:00,92.475
10MIN,2021-11-23 14:50:00,92.35
10MIN,2021-11-23 15:00:00,92.25
10MIN,2021-11-23 15:10:00,92.1
10MIN,2021-11-23 15:20:00,92.3
10MIN,2021-11-23 15:30:00,92
10MIN,2021-11-23 15:40:00,91.8
10MIN,2021-11-23 15:50:00,90.8
10MIN,2021-11-23 16:00:00,91.15
10MIN,2021-11-23 16:10:00,91.075
10MIN,2021-11-23 16:20:00,91.25
10MIN,2021-11-23 16:30:00,91.7
10MIN,2021-11-23 16:40:00,92.1
10MIN,2021-11-23 16:50:00,91.875
10MIN,2021-11-24 07:00:00,NULL
10MIN,2021-11-24 07:10:00,NULL
10MIN,2021-11-24 07:20:00,91
10MIN,2021-11-24 07:30:00,NULL
10MIN,2021-11-24 07:40:00,NULL
10MIN,2021-11-24 07:50:00,90.5
10MIN,2021-11-24 08:00:00,91
10MIN,2021-11-24 08:10:00,91.4
10MIN,2021-11-24 08:20:00,91.75
10MIN,2021-11-24 08:30:00,92.825
10MIN,2021-11-24 08:40:00,92.15
10MIN,2021-11-24 08:50:00,91.85
10MIN,2021-11-24 09:00:00,91.7
10MIN,2021-11-24 09:10:00,91.8
10MIN,2021-11-24 09:20:00,91.5
10MIN,2021-11-24 09:30:00,91.825
10MIN,2021-11-24 09:40:00,92.1
10MIN,2021-11-24 09:50:00,91.5
10MIN,2021-11-24 10:00:00,91.5
10MIN,2021-11-24 10:10:00,90.825
10MIN,2021-11-24 10:20:00,91.1
10MIN,2021-11-24 10:30:00,91.075
10MIN,2021-11-24 10:40:00,91.2
10MIN,2021-11-24 10:50:00,91.3
10MIN,2021-11-24 11:00:00,91.275
10MIN,2021-11-24 11:10:00,91.5
10MIN,2021-11-24 11:20:00,91.525
10MIN,2021-11-24 11:30:00,91.45
10MIN,2021-11-24 11:40:00,91.4
10MIN,2021-11-24 11:50:00,91.3
10MIN,2021-11-24 12:00:00,91.8
10MIN,2021-11-24 12:10:00,91.825
10MIN,2021-11-24 12:20:00,91.65
10MIN,2021-11-24 12:30:00,91.8
10MIN,2021-11-24 12:40:00,92.275
10MIN,2021-11-24 12:50:00,92
10MIN,2021-11-24 13:00:00,92
10MIN,2021-11-24 13:10:00,91.925
10MIN,2021-11-24 13:20:00,91.9
10MIN,2021-11-24 13:30:00,91.9
10MIN,2021-11-24 13:40:00,91.725
10MIN,2021-11-24 13:50:00,91.45
10MIN,2021-11-24 14:00:00,91.65
10MIN,2021-11-24 14:10:00,91.575
10MIN,2021-11-24 14:20:00,92.875
10MIN,2021-11-24 14:30:00,92.15
10MIN,2021-11-24 14:40:00,92.45
10MIN,2021-11-24 14:50:00,92.7
10MIN,2021-11-24 15:00:00,92.6
10MIN,2021-11-24 15:10:00,92.65
10MIN,2021-11-24 15:20:00,93.6
10MIN,2021-11-24 15:30:00,94.05
10MIN,2021-11-24 15:40:00,93.4
10MIN,2021-11-24 15:50:00,93.45
10MIN,2021-11-24 16:00:00,94.1
10MIN,2021-11-24 16:10:00,94.075
10MIN,2021-11-24 16:20:00,93.25
10MIN,2021-11-24 16:30:00,93.15
10MIN,2021-11-24 16:40:00,93.175
10MIN,2021-11-24 16:50:00,93.1
10MIN,2021-11-25 07:00:00,NULL
10MIN,2021-11-25 07:10:00,NULL
10MIN,2021-11-25 07:20:00,NULL
10MIN,2021-11-25 07:30:00,NULL
10MIN,2021-11-25 07:40:00,91.7
10MIN,2021-11-25 07:50:00,90
10MIN,2021-11-25 08:00:00,89.9
10MIN,2021-11-25 08:10:00,90.125
10MIN,2021-11-25 08:20:00,90.15
10MIN,2021-11-25 08:30:00,90.7
10MIN,2021-11-25 08:40:00,90.9
10MIN,2021-11-25 08:50:00,91
10MIN,2021-11-25 09:00:00,91.25
10MIN,2021-11-25 09:10:00,92
10MIN,2021-11-25 09:20:00,92.5
10MIN,2021-11-25 09:30:00,92.95
10MIN,2021-11-25 09:40:00,92.8
10MIN,2021-11-25 09:50:00,92.6
10MIN,2021-11-25 10:00:00,92.65
10MIN,2021-11-25 10:10:00,92.55
10MIN,2021-11-25 10:20:00,92.9
10MIN,2021-11-25 10:30:00,93.15
10MIN,2021-11-25 10:40:00,93.5
10MIN,2021-11-25 10:50:00,93.45
10MIN,2021-11-25 11:00:00,94.3
10MIN,2021-11-25 11:10:00,94.375
10MIN,2021-11-25 11:20:00,93.8
10MIN,2021-11-25 11:30:00,94
10MIN,2021-11-25 11:40:00,93.9
10MIN,2021-11-25 11:50:00,94.05
10MIN,2021-11-25 12:00:00,94.2
10MIN,2021-11-25 12:10:00,94
10MIN,2021-11-25 12:20:00,93.825
10MIN,2021-11-25 12:30:00,93.425
10MIN,2021-11-25 12:40:00,93.725
10MIN,2021-11-25 12:50:00,93.425
10MIN,2021-11-25 13:00:00,93.7
10MIN,2021-11-25 13:10:00,93.8
10MIN,2021-11-25 13:20:00,93.625
10MIN,2021-11-25 13:30:00,93.5
10MIN,2021-11-25 13:40:00,93.45
10MIN,2021-11-25 13:50:00,93.5
10MIN,2021-11-25 14:00:00,93.4
10MIN,2021-11-25 14:10:00,93.4
10MIN,2021-11-25 14:20:00,93.75
10MIN,2021-11-25 14:30:00,93.5
10MIN,2021-11-25 14:40:00,93.65
10MIN,2021-11-25 14:50:00,93.5
10MIN,2021-11-25 15:00:00,94.225
10MIN,2021-11-25 15:10:00,94.175
10MIN,2021-11-25 15:20:00,94.3
10MIN,2021-11-25 15:30:00,93.8
10MIN,2021-11-25 15:40:00,94.025
10MIN,2021-11-25 15:50:00,93.7
10MIN,2021-11-25 16:00:00,93.325
10MIN,2021-11-25 16:10:00,92.8
10MIN,2021-11-25 16:20:00,91.9
10MIN,2021-11-25 16:30:00,92.5
10MIN,2021-11-25 16:40:00,92.3
10MIN,2021-11-25 16:50:00,92.4
10MIN,2021-11-26 07:00:00,NULL
10MIN,2021-11-26 07:10:00,90
10MIN,2021-11-26 07:20:00,90.5
10MIN,2021-11-26 07:30:00,91.3
10MIN,2021-11-26 07:40:00,91.45
10MIN,2021-11-26 07:50:00,90.8
10MIN,2021-11-26 08:00:00,90.4
10MIN,2021-11-26 08:10:00,90.825
10MIN,2021-11-26 08:20:00,90.75
10MIN,2021-11-26 08:30:00,91.2
10MIN,2021-11-26 08:40:00,91
10MIN,2021-11-26 08:50:00,91.25
10MIN,2021-11-26 09:00:00,90.9
10MIN,2021-11-26 09:10:00,90.95
10MIN,2021-11-26 09:20:00,91.15
10MIN,2021-11-26 09:30:00,90.4
10MIN,2021-11-26 09:40:00,90.025
10MIN,2021-11-26 09:50:00,89.5
10MIN,2021-11-26 10:00:00,89.6
10MIN,2021-11-26 10:10:00,89.6
10MIN,2021-11-26 10:20:00,89
10MIN,2021-11-26 10:30:00,89.075
10MIN,2021-11-26 10:40:00,89.325
10MIN,2021-11-26 10:50:00,89.625
10MIN,2021-11-26 11:00:00,90.2
10MIN,2021-11-26 11:10:00,90.85
10MIN,2021-11-26 11:20:00,90.775
10MIN,2021-11-26 11:30:00,90.65
10MIN,2021-11-26 11:40:00,90.85
10MIN,2021-11-26 11:50:00,90.7
10MIN,2021-11-26 12:00:00,90.5
10MIN,2021-11-26 12:10:00,90.2
10MIN,2021-11-26 12:20:00,90.3
10MIN,2021-11-26 12:30:00,90.5
10MIN,2021-11-26 12:40:00,90.6
10MIN,2021-11-26 12:50:00,90.575
10MIN,2021-11-26 13:00:00,90.6
10MIN,2021-11-26 13:10:00,90.225
10MIN,2021-11-26 13:20:00,90.2
10MIN,2021-11-26 13:30:00,90.4
10MIN,2021-11-26 13:40:00,90.4
10MIN,2021-11-26 13:50:00,90.5
10MIN,2021-11-26 14:00:00,90.05
10MIN,2021-11-26 14:10:00,90.15
10MIN,2021-11-26 14:20:00,89.925
10MIN,2021-11-26 14:30:00,89.425
10MIN,2021-11-26 14:40:00,89.45
10MIN,2021-11-26 14:50:00,89.9
10MIN,2021-11-26 15:00:00,89.825
10MIN,2021-11-26 15:10:00,89.6
10MIN,2021-11-26 15:20:00,89.925
10MIN,2021-11-26 15:30:00,89.525
10MIN,2021-11-26 15:40:00,89.25
10MIN,2021-11-26 15:50:00,89
10MIN,2021-11-26 16:00:00,88.2
10MIN,2021-11-26 16:10:00,87.5
10MIN,2021-11-26 16:20:00,87.525
10MIN,2021-11-26 16:30:00,87.95
10MIN,2021-11-26 16:40:00,88.3
10MIN,2021-11-26 16:50:00,88.575
10MIN,2021-11-29 07:00:00,92
10MIN,2021-11-29 07:10:00,93.5
10MIN,2021-11-29 07:20:00,94
10MIN,2021-11-29 07:30:00,94
10MIN,2021-11-29 07:40:00,95.4
10MIN,2021-11-29 07:50:00,NULL
10MIN,2021-11-29 08:00:00,94.4
10MIN,2021-11-29 08:10:00,95
10MIN,2021-11-29 08:20:00,94.475
10MIN,2021-11-29 08:30:00,94.75
10MIN,2021-11-29 08:40:00,94.6
10MIN,2021-11-29 08:50:00,95.175
10MIN,2021-11-29 09:00:00,95.275
10MIN,2021-11-29 09:10:00,95
10MIN,2021-11-29 09:20:00,95.1
10MIN,2021-11-29 09:30:00,95
10MIN,2021-11-29 09:40:00,94.6
10MIN,2021-11-29 09:50:00,94.45
10MIN,2021-11-29 10:00:00,94
10MIN,2021-11-29 10:10:00,94.2
10MIN,2021-11-29 10:20:00,94.325
10MIN,2021-11-29 10:30:00,94.3
10MIN,2021-11-29 10:40:00,94.6
10MIN,2021-11-29 10:50:00,94.475
10MIN,2021-11-29 11:00:00,94.5
10MIN,2021-11-29 11:10:00,94.5
10MIN,2021-11-29 11:20:00,94.425
10MIN,2021-11-29 11:30:00,94.5
10MIN,2021-11-29 11:40:00,94.275
10MIN,2021-11-29 11:50:00,94.3
10MIN,2021-11-29 12:00:00,94.35
10MIN,2021-11-29 12:10:00,93.7
10MIN,2021-11-29 12:20:00,93
10MIN,2021-11-29 12:30:00,93.475
10MIN,2021-11-29 12:40:00,93.275
10MIN,2021-11-29 12:50:00,92.9
10MIN,2021-11-29 13:00:00,92.35
10MIN,2021-11-29 13:10:00,93.075
10MIN,2021-11-29 13:20:00,92.625
10MIN,2021-11-29 13:30:00,92.575
10MIN,2021-11-29 13:40:00,92.525
10MIN,2021-11-29 13:50:00,92.525
10MIN,2021-11-29 14:00:00,92.45
10MIN,2021-11-29 14:10:00,92.75
10MIN,2021-11-29 14:20:00,92.9
10MIN,2021-11-29 14:30:00,92.675
10MIN,2021-11-29 14:40:00,92.4
10MIN,2021-11-29 14:50:00,92.65
10MIN,2021-11-29 15:00:00,92.65
10MIN,2021-11-29 15:10:00,92.525
10MIN,2021-11-29 15:20:00,92.375
10MIN,2021-11-29 15:30:00,93.55
10MIN,2021-11-29 15:40:00,93.675
10MIN,2021-11-29 15:50:00,94.45
10MIN,2021-11-29 16:00:00,93.75
10MIN,2021-11-29 16:10:00,93.25
10MIN,2021-11-29 16:20:00,93.075
10MIN,2021-11-29 16:30:00,93.975
10MIN,2021-11-29 16:40:00,94.375
10MIN,2021-11-29 16:50:00,94.5
10MIN,2021-11-30 07:00:00,NULL
10MIN,2021-11-30 07:10:00,NULL
10MIN,2021-11-30 07:20:00,NULL
10MIN,2021-11-30 07:30:00,NULL
10MIN,2021-11-30 07:40:00,97.25
10MIN,2021-11-30 07:50:00,NULL
10MIN,2021-11-30 08:00:00,97.025
10MIN,2021-11-30 08:10:00,96.95
10MIN,2021-11-30 08:20:00,97.15
10MIN,2021-11-30 08:30:00,97.175
10MIN,2021-11-30 08:40:00,97.3
10MIN,2021-11-30 08:50:00,98.5
10MIN,2021-11-30 09:00:00,98.975
10MIN,2021-11-30 09:10:00,99.9
10MIN,2021-11-30 09:20:00,98.7
10MIN,2021-11-30 09:30:00,99.1
10MIN,2021-11-30 09:40:00,99.075
10MIN,2021-11-30 09:50:00,99
10MIN,2021-11-30 10:00:00,99.125
10MIN,2021-11-30 10:10:00,99
10MIN,2021-11-30 10:20:00,98.4
10MIN,2021-11-30 10:30:00,98.45
10MIN,2021-11-30 10:40:00,98.35
10MIN,2021-11-30 10:50:00,98.25
10MIN,2021-11-30 11:00:00,98.025
10MIN,2021-11-30 11:10:00,97.55
10MIN,2021-11-30 11:20:00,97.275
10MIN,2021-11-30 11:30:00,96.55
10MIN,2021-11-30 11:40:00,97.075
10MIN,2021-11-30 11:50:00,96.75
10MIN,2021-11-30 12:00:00,96.5
10MIN,2021-11-30 12:10:00,96.55
10MIN,2021-11-30 12:20:00,96.575
10MIN,2021-11-30 12:30:00,95.45
10MIN,2021-11-30 12:40:00,95.675
10MIN,2021-11-30 12:50:00,95.975
10MIN,2021-11-30 13:00:00,95.6
10MIN,2021-11-30 13:10:00,95.675
10MIN,2021-11-30 13:20:00,95.85
10MIN,2021-11-30 13:30:00,95.65
10MIN,2021-11-30 13:40:00,96.175
10MIN,2021-11-30 13:50:00,96.775
10MIN,2021-11-30 14:00:00,96.5
10MIN,2021-11-30 14:10:00,96.5
10MIN,2021-11-30 14:20:00,97
10MIN,2021-11-30 14:30:00,97.3
10MIN,2021-11-30 14:40:00,97.2
10MIN,2021-11-30 14:50:00,97.85
10MIN,2021-11-30 15:00:00,97.55
10MIN,2021-11-30 15:10:00,97.45
10MIN,2021-11-30 15:20:00,96.975
10MIN,2021-11-30 15:30:00,96.75
10MIN,2021-11-30 15:40:00,96.6
10MIN,2021-11-30 15:50:00,97.35
10MIN,2021-11-30 16:00:00,94.625
10MIN,2021-11-30 16:10:00,91
10MIN,2021-11-30 16:20:00,90.8
10MIN,2021-11-30 16:30:00,91.875
10MIN,2021-11-30 16:40:00,91.65
10MIN,2021-11-30 16:50:00,91
1H,2021-11-01 07:00:00,71.325
1H,2021-11-01 08:00:00,71.2
1H,2021-11-01 09:00:00,71.825
1H,2021-11-01 10:00:00,70.3
1H,2021-11-01 11:00:00,68.85
1H,2021-11-01 12:00:00,66.3
1H,2021-11-01 13:00:00,63
1H,2021-11-01 14:00:00,64.4
1H,2021-11-01 15:00:00,64.75
1H,2021-11-01 16:00:00,67
1H,2021-11-02 07:00:00,67.4
1H,2021-11-02 08:00:00,65.75
1H,2021-11-02 09:00:00,64.225
1H,2021-11-02 10:00:00,66.15
1H,2021-11-02 11:00:00,67.2
1H,2021-11-02 12:00:00,67
1H,2021-11-02 13:00:00,67.525
1H,2021-11-02 14:00:00,66.3
1H,2021-11-02 15:00:00,66.05
1H,2021-11-02 16:00:00,70.625
1H,2021-11-03 07:00:00,70.25
1H,2021-11-03 08:00:00,71.475
1H,2021-11-03 09:00:00,72.175
1H,2021-11-03 10:00:00,72.875
1H,2021-11-03 11:00:00,73.7
1H,2021-11-03 12:00:00,73.85
1H,2021-11-03 13:00:00,78
1H,2021-11-03 14:00:00,76.25
1H,2021-11-03 15:00:00,76.6
1H,2021-11-03 16:00:00,78.475
1H,2021-11-04 07:00:00,75.5
1H,2021-11-04 08:00:00,78.3
1H,2021-11-04 09:00:00,77.2
1H,2021-11-04 10:00:00,76.925
1H,2021-11-04 11:00:00,75.35
1H,2021-11-04 12:00:00,73.575
1H,2021-11-04 13:00:00,73.375
1H,2021-11-04 14:00:00,74.65
1H,2021-11-04 15:00:00,72.8
1H,2021-11-04 16:00:00,72.225
1H,2021-11-05 07:00:00,NULL
1H,2021-11-05 08:00:00,75.8
1H,2021-11-05 09:00:00,73.775
1H,2021-11-05 10:00:00,73.3
1H,2021-11-05 11:00:00,73
1H,2021-11-05 12:00:00,71.55
1H,2021-11-05 13:00:00,71.975
1H,2021-11-05 14:00:00,72.625
1H,2021-11-05 15:00:00,73
1H,2021-11-05 16:00:00,72.65
1H,2021-11-08 07:00:00,80
1H,2021-11-08 08:00:00,78.5
1H,2021-11-08 09:00:00,75.8
1H,2021-11-08 10:00:00,76.5
1H,2021-11-08 11:00:00,76
1H,2021-11-08 12:00:00,75.8
1H,2021-11-08 13:00:00,76.5
1H,2021-11-08 14:00:00,78.5
1H,2021-11-08 15:00:00,77.35
1H,2021-11-08 16:00:00,77.45
1H,2021-11-09 07:00:00,75.25
1H,2021-11-09 08:00:00,75.85
1H,2021-11-09 09:00:00,75.9
1H,2021-11-09 10:00:00,77.125
1H,2021-11-09 11:00:00,76.75
1H,2021-11-09 12:00:00,76
1H,2021-11-09 13:00:00,75.65
1H,2021-11-09 14:00:00,73.625
1H,2021-11-09 15:00:00,73.375
1H,2021-11-09 16:00:00,70.4
1H,2021-11-10 07:00:00,66.5
1H,2021-11-10 08:00:00,67.45
1H,2021-11-10 09:00:00,65.8
1H,2021-11-10 10:00:00,64.85
1H,2021-11-10 11:00:00,64.5
1H,2021-11-10 12:00:00,65.825
1H,2021-11-10 13:00:00,66
1H,2021-11-10 14:00:00,68.1
1H,2021-11-10 15:00:00,67.525
1H,2021-11-10 16:00:00,70.475
1H,2021-11-11 07:00:00,72.25
1H,2021-11-11 08:00:00,70.425
1H,2021-11-11 09:00:00,69.7
1H,2021-11-11 10:00:00,70.75
1H,2021-11-11 11:00:00,71
1H,2021-11-11 12:00:00,72
1H,2021-11-11 13:00:00,72.25
1H,2021-11-11 14:00:00,72
1H,2021-11-11 15:00:00,72.7
1H,2021-11-11 16:00:00,74.975
1H,2021-11-12 07:00:00,77.45
1H,2021-11-12 08:00:00,76.75
1H,2021-11-12 09:00:00,75.1
1H,2021-11-12 10:00:00,74.1
1H,2021-11-12 11:00:00,73.675
1H,2021-11-12 12:00:00,75.725
1H,2021-11-12 13:00:00,75.2
1H,2021-11-12 14:00:00,76.3
1H,2021-11-12 15:00:00,74.475
1H,2021-11-12 16:00:00,73.975
1H,2021-11-15 07:00:00,78.5
1H,2021-11-15 08:00:00,79.4
1H,2021-11-15 09:00:00,78.15
1H,2021-11-15 10:00:00,77.975
1H,2021-11-15 11:00:00,78.625
1H,2021-11-15 12:00:00,79.35
1H,2021-11-15 13:00:00,78.7
1H,2021-11-15 14:00:00,78.6
1H,2021-11-15 15:00:00,79.6
1H,2021-11-15 16:00:00,80.5
1H,2021-11-16 07:00:00,82.725
1H,2021-11-16 08:00:00,83.75
1H,2021-11-16 09:00:00,87.2
1H,2021-11-16 10:00:00,86.8
1H,2021-11-16 11:00:00,87.2
1H,2021-11-16 12:00:00,87.325
1H,2021-11-16 13:00:00,87.65
1H,2021-11-16 14:00:00,88.65
1H,2021-11-16 15:00:00,91.6
1H,2021-11-16 16:00:00,94.4
1H,2021-11-17 07:00:00,97.75
1H,2021-11-17 08:00:00,97.5
1H,2021-11-17 09:00:00,100.775
1H,2021-11-17 10:00:00,99
1H,2021-11-17 11:00:00,98.85
1H,2021-11-17 12:00:00,99
1H,2021-11-17 13:00:00,99.35
1H,2021-11-17 14:00:00,99.65
1H,2021-11-17 15:00:00,95.75
1H,2021-11-17 16:00:00,94.3
1H,2021-11-18 07:00:00,92.45
1H,2021-11-18 08:00:00,93.05
1H,2021-11-18 09:00:00,90.8
1H,2021-11-18 10:00:00,91.4
1H,2021-11-18 11:00:00,91.525
1H,2021-11-18 12:00:00,91.9
1H,2021-11-18 13:00:00,92.775
1H,2021-11-18 14:00:00,93.7
1H,2021-11-18 15:00:00,94.25
1H,2021-11-18 16:00:00,91.6
1H,2021-11-19 07:00:00,NULL
1H,2021-11-19 08:00:00,90.5
1H,2021-11-19 09:00:00,89.025
1H,2021-11-19 10:00:00,89.375
1H,2021-11-19 11:00:00,88.3
1H,2021-11-19 12:00:00,88.05
1H,2021-11-19 13:00:00,88.425
1H,2021-11-19 14:00:00,86.8
1H,2021-11-19 15:00:00,86.475
1H,2021-11-19 16:00:00,86.1
1H,2021-11-22 07:00:00,86.25
1H,2021-11-22 08:00:00,85.6
1H,2021-11-22 09:00:00,82
1H,2021-11-22 10:00:00,82.825
1H,2021-11-22 11:00:00,83.875
1H,2021-11-22 12:00:00,85.05
1H,2021-11-22 13:00:00,85.3
1H,2021-11-22 14:00:00,85.625
1H,2021-11-22 15:00:00,85.85
1H,2021-11-22 16:00:00,84.5
1H,2021-11-23 07:00:00,84.725
1H,2021-11-23 08:00:00,87.125
1H,2021-11-23 09:00:00,89.4
1H,2021-11-23 10:00:00,89.1
1H,2021-11-23 11:00:00,89.275
1H,2021-11-23 12:00:00,90.25
1H,2021-11-23 13:00:00,90.65
1H,2021-11-23 14:00:00,92.35
1H,2021-11-23 15:00:00,90.8
1H,2021-11-23 16:00:00,91.875
1H,2021-11-24 07:00:00,90.5
1H,2021-11-24 08:00:00,91.85
1H,2021-11-24 09:00:00,91.5
1H,2021-11-24 10:00:00,91.3
1H,2021-11-24 11:00:00,91.3
1H,2021-11-24 12:00:00,92
1H,2021-11-24 13:00:00,91.45
1H,2021-11-24 14:00:00,92.7
1H,2021-11-24 15:00:00,93.45
1H,2021-11-24 16:00:00,93.1
1H,2021-11-25 07:00:00,90
1H,2021-11-25 08:00:00,91
1H,2021-11-25 09:00:00,92.6
1H,2021-11-25 10:00:00,93.45
1H,2021-11-25 11:00:00,94.05
1H,2021-11-25 12:00:00,93.425
1H,2021-11-25 13:00:00,93.5
1H,2021-11-25 14:00:00,93.5
1H,2021-11-25 15:00:00,93.7
1H,2021-11-25 16:00:00,92.4
1H,2021-11-26 07:00:00,90.8
1H,2021-11-26 08:00:00,91.25
1H,2021-11-26 09:00:00,89.5
1H,2021-11-26 10:00:00,89.625
1H,2021-11-26 11:00:00,90.7
1H,2021-11-26 12:00:00,90.575
1H,2021-11-26 13:00:00,90.5
1H,2021-11-26 14:00:00,89.9
1H,2021-11-26 15:00:00,89
1H,2021-11-26 16:00:00,88.575
1H,2021-11-29 07:00:00,95.4
1H,2021-11-29 08:00:00,95.175
1H,2021-11-29 09:00:00,94.45
1H,2021-11-29 10:00:00,94.475
1H,2021-11-29 11:00:00,94.3
1H,2021-11-29 12:00:00,92.9
1H,2021-11-29 13:00:00,92.525
1H,2021-11-29 14:00:00,92.65
1H,2021-11-29 15:00:00,94.45
1H,2021-11-29 16:00:00,94.5
1H,2021-11-30 07:00:00,97.25
1H,2021-11-30 08:00:00,98.5
1H,2021-11-30 09:00:00,99
1H,2021-11-30 10:00:00,98.25
1H,2021-11-30 11:00:00,96.75
1H,2021-11-30 12:00:00,95.975
1H,2021-11-30 13:00:00,96.775
1H,2021-11-30 14:00:00,97.85
1H,2021-11-30 15:00:00,97.35
1H,2021-11-30 16:00:00,91
D,2021-11-01 00:00:00,66.1
D,2021-11-02 00:00:00,70
D,2021-11-03 00:00:00,78.375
D,2021-11-04 00:00:00,72
D,2021-11-05 00:00:00,72.5
D,2021-11-06 00:00:00,NULL
D,2021-11-07 00:00:00,NULL
D,2021-11-08 00:00:00,77.45
D,2021-11-09 00:00:00,70.4
D,2021-11-10 00:00:00,70.7
D,2021-11-11 00:00:00,74.325
D,2021-11-12 00:00:00,74.975
D,2021-11-13 00:00:00,NULL
D,2021-11-14 00:00:00,NULL
D,2021-11-15 00:00:00,80.275
D,2021-11-16 00:00:00,94.5
D,2021-11-17 00:00:00,94
D,2021-11-18 00:00:00,91.7
D,2021-11-19 00:00:00,86
D,2021-11-20 00:00:00,NULL
D,2021-11-21 00:00:00,NULL
D,2021-11-22 00:00:00,84.775
D,2021-11-23 00:00:00,93.875
D,2021-11-24 00:00:00,93.35
D,2021-11-25 00:00:00,92.625
D,2021-11-26 00:00:00,88.35
D,2021-11-27 00:00:00,NULL
D,2021-11-28 00:00:00,NULL
D,2021-11-29 00:00:00,94.9
D,2021-11-30 00:00:00,91.7
